OrderID,CustomerID,EmployeeID,OrderDate,RequiredDate,ShippedDate,ShipVia,freight,ShipName,ShipAddress,ShipCity,ShipRegion,ShipPostalCode,ShipCountry
10248,VINET,5,04/07/1996,01/08/1996,16/07/1996,3,32,Vins et alcools Chevalier,59 rue de l-Abbaye,Reims,NULL,51100,France
10249,TOMSP,6,05/07/1996,16/08/1996,10/07/1996,1,12,Toms Spezialitten,Luisenstr. 48,Mnster,NULL,44087,Germany
10250,HANAR,4,08/07/1996,05/08/1996,12/07/1996,2,66,Hanari Carnes,"Rua do Pao, 67",Rio de Janeiro,RJ,05454-876,Brazil
10251,VICTE,3,08/07/1996,05/08/1996,15/07/1996,1,41,Victuailles en stock,"2, rue du Commerce",Lyon,NULL,69004,France
10252,SUPRD,4,09/07/1996,06/08/1996,11/07/1996,2,51,Suprmes dlices,"Boulevard Tirou, 255",Charleroi,NULL,B-6000,Belgium
10253,HANAR,3,10/07/1996,24/07/1996,16/07/1996,2,58,Hanari Carnes,"Rua do Pao, 67",Rio de Janeiro,RJ,05454-876,Brazil
10254,CHOPS,5,11/07/1996,08/08/1996,23/07/1996,2,23,Chop-suey Chinese,Hauptstr. 31,Bern,NULL,3012,Switzerland
10255,RICSU,9,12/07/1996,09/08/1996,15/07/1996,3,148,Richter Supermarkt,Starenweg 5,Genve,NULL,1204,Switzerland
10256,WELLI,3,15/07/1996,12/08/1996,17/07/1996,2,14,Wellington Importadora,"Rua do Mercado, 12",Resende,SP,08737-363,Brazil
10257,HILAA,4,16/07/1996,13/08/1996,22/07/1996,3,82,HILARION-Abastos,Carrera 22 con Ave. Carlos Soublette #8-35,San Cristbal,Tchira,5022,Venezuela
10258,ERNSH,1,17/07/1996,14/08/1996,23/07/1996,1,141,Ernst Handel,Kirchgasse 6,Graz,NULL,8010,Austria
10259,CENTC,4,18/07/1996,15/08/1996,25/07/1996,3,3,Centro comercial Moctezuma,Sierras de Granada 9993,Mxico D.F.,NULL,5022,Mexico
10260,OTTIK,4,19/07/1996,16/08/1996,29/07/1996,1,55,Ottilies Kseladen,Mehrheimerstr. 369,Kln,NULL,50739,Germany
10261,QUEDE,4,19/07/1996,16/08/1996,30/07/1996,2,3,Que Delcia,"Rua da Panificadora, 12",Rio de Janeiro,RJ,02389-673,Brazil
10262,RATTC,8,22/07/1996,19/08/1996,25/07/1996,3,48,Rattlesnake Canyon Grocery,2817 Milton Dr.,Albuquerque,NM,87110,USA
10263,ERNSH,9,23/07/1996,20/08/1996,31/07/1996,3,146,Ernst Handel,Kirchgasse 6,Graz,NULL,8010,Austria
10264,FOLKO,6,24/07/1996,21/08/1996,23/08/1996,3,4,Folk och f HB,kergatan 24,Brcke,NULL,S-844 67,Sweden
10265,BLONP,2,25/07/1996,22/08/1996,12/08/1996,1,55,Blondel pre et fils,"24, place Klber",Strasbourg,NULL,67000,France
10266,WARTH,3,26/07/1996,06/09/1996,31/07/1996,3,26,Wartian Herkku,Torikatu 38,Oulu,NULL,90110,Finland
10267,FRANK,4,29/07/1996,26/08/1996,06/08/1996,1,209,Frankenversand,Berliner Platz 43,Mnchen,NULL,80805,Germany
10268,GROSR,8,30/07/1996,27/08/1996,02/08/1996,3,66,GROSELLA-Restaurante,5 Ave. Los Palos Grandes,Caracas,DF,1081,Venezuela
10269,WHITC,5,31/07/1996,14/08/1996,09/08/1996,1,5,White Clover Markets,1029 - 12th Ave. S.,Seattle,WA,98124,USA
10270,WARTH,1,01/08/1996,29/08/1996,02/08/1996,1,137,Wartian Herkku,Torikatu 38,Oulu,NULL,90110,Finland
10271,SPLIR,6,01/08/1996,29/08/1996,30/08/1996,2,5,Split Rail Beer & Ale,P.O. Box 555,Lander,WY,82520,USA
10272,RATTC,6,02/08/1996,30/08/1996,06/08/1996,2,98,Rattlesnake Canyon Grocery,2817 Milton Dr.,Albuquerque,NM,87110,USA
10273,QUICK,3,05/08/1996,02/09/1996,12/08/1996,3,76,QUICK-Stop,Taucherstrae 10,Cunewalde,NULL,1307,Germany
10274,VINET,6,06/08/1996,03/09/1996,16/08/1996,1,6,Vins et alcools Chevalier,59 rue de l-Abbaye,Reims,NULL,51100,France
10275,MAGAA,1,07/08/1996,04/09/1996,09/08/1996,1,27,Magazzini Alimentari Riuniti,Via Ludovico il Moro 22,Bergamo,NULL,24100,Italy
10276,TORTU,8,08/08/1996,22/08/1996,14/08/1996,3,14,Tortuga Restaurante,Avda. Azteca 123,Mxico D.F.,NULL,5033,Mexico
10277,MORGK,2,09/08/1996,06/09/1996,13/08/1996,3,126,Morgenstern Gesundkost,Heerstr. 22,Leipzig,NULL,4179,Germany
10278,BERGS,8,12/08/1996,09/09/1996,16/08/1996,2,93,Berglunds snabbkp,Berguvsvgen 8,Lule,NULL,S-958 22,Sweden
10279,LEHMS,8,13/08/1996,10/09/1996,16/08/1996,2,26,Lehmanns Marktstand,Magazinweg 7,Frankfurt a.M.,NULL,60528,Germany
10280,BERGS,2,14/08/1996,11/09/1996,12/09/1996,1,9,Berglunds snabbkp,Berguvsvgen 8,Lule,NULL,S-958 22,Sweden
10281,ROMEY,4,14/08/1996,28/08/1996,21/08/1996,1,3,Romero y tomillo,"Gran Va, 1",Madrid,NULL,28001,Spain
10282,ROMEY,4,15/08/1996,12/09/1996,21/08/1996,1,13,Romero y tomillo,"Gran Va, 1",Madrid,NULL,28001,Spain
10283,LILAS,3,16/08/1996,13/09/1996,23/08/1996,3,85,LILA-Supermercado,Carrera 52 con Ave. Bolvar #65-98 Llano Largo,Barquisimeto,Lara,3508,Venezuela
10284,LEHMS,4,19/08/1996,16/09/1996,27/08/1996,1,77,Lehmanns Marktstand,Magazinweg 7,Frankfurt a.M.,NULL,60528,Germany
10285,QUICK,1,20/08/1996,17/09/1996,26/08/1996,2,77,QUICK-Stop,Taucherstrae 10,Cunewalde,NULL,1307,Germany
10286,QUICK,8,21/08/1996,18/09/1996,30/08/1996,3,229,QUICK-Stop,Taucherstrae 10,Cunewalde,NULL,1307,Germany
10287,RICAR,8,22/08/1996,19/09/1996,28/08/1996,3,13,Ricardo Adocicados,"Av. Copacabana, 267",Rio de Janeiro,RJ,02389-890,Brazil
10288,REGGC,4,23/08/1996,20/09/1996,03/09/1996,1,7,Reggiani Caseifici,Strada Provinciale 124,Reggio Emilia,NULL,42100,Italy
10289,BSBEV,7,26/08/1996,23/09/1996,28/08/1996,3,23,B-s Beverages,Fauntleroy Circus,London,NULL,EC2 5NT,UK
10290,COMMI,8,27/08/1996,24/09/1996,03/09/1996,1,80,Comrcio Mineiro,"Av. dos Lusadas, 23",Sao Paulo,SP,05432-043,Brazil
10291,QUEDE,6,27/08/1996,24/09/1996,04/09/1996,2,6,Que Delcia,"Rua da Panificadora, 12",Rio de Janeiro,RJ,02389-673,Brazil
10292,TRADH,1,28/08/1996,25/09/1996,02/09/1996,2,1,Tradiao Hipermercados,"Av. Ins de Castro, 414",Sao Paulo,SP,05634-030,Brazil
10293,TORTU,1,29/08/1996,26/09/1996,11/09/1996,3,21,Tortuga Restaurante,Avda. Azteca 123,Mxico D.F.,NULL,5033,Mexico
10294,RATTC,4,30/08/1996,27/09/1996,05/09/1996,2,147,Rattlesnake Canyon Grocery,2817 Milton Dr.,Albuquerque,NM,87110,USA
10295,VINET,2,02/09/1996,30/09/1996,10/09/1996,2,1,Vins et alcools Chevalier,59 rue de l-Abbaye,Reims,NULL,51100,France
10296,LILAS,6,03/09/1996,01/10/1996,11/09/1996,1,0,LILA-Supermercado,Carrera 52 con Ave. Bolvar #65-98 Llano Largo,Barquisimeto,Lara,3508,Venezuela
10297,BLONP,5,04/09/1996,16/10/1996,10/09/1996,2,6,Blondel pre et fils,"24, place Klber",Strasbourg,NULL,67000,France
10298,HUNGO,6,05/09/1996,03/10/1996,11/09/1996,2,168,Hungry Owl All-Night Grocers,8 Johnstown Road,Cork,Co. Cork,NULL,Ireland
10299,RICAR,4,06/09/1996,04/10/1996,13/09/1996,2,30,Ricardo Adocicados,"Av. Copacabana, 267",Rio de Janeiro,RJ,02389-890,Brazil
10300,MAGAA,2,09/09/1996,07/10/1996,18/09/1996,2,18,Magazzini Alimentari Riuniti,Via Ludovico il Moro 22,Bergamo,NULL,24100,Italy
10301,WANDK,8,09/09/1996,07/10/1996,17/09/1996,2,45,Die Wandernde Kuh,Adenauerallee 900,Stuttgart,NULL,70563,Germany
10302,SUPRD,4,10/09/1996,08/10/1996,09/10/1996,2,6,Suprmes dlices,"Boulevard Tirou, 255",Charleroi,NULL,B-6000,Belgium
10303,GODOS,7,11/09/1996,09/10/1996,18/09/1996,2,108,Godos Cocina Tpica,"C/ Romero, 33",Sevilla,NULL,41101,Spain
10304,TORTU,1,12/09/1996,10/10/1996,17/09/1996,2,64,Tortuga Restaurante,Avda. Azteca 123,Mxico D.F.,NULL,5033,Mexico
10305,OLDWO,8,13/09/1996,11/10/1996,09/10/1996,3,258,Old World Delicatessen,2743 Bering St.,Anchorage,AK,99508,USA
10306,ROMEY,1,16/09/1996,14/10/1996,23/09/1996,3,8,Romero y tomillo,"Gran Va, 1",Madrid,NULL,28001,Spain
10307,LONEP,2,17/09/1996,15/10/1996,25/09/1996,2,1,Lonesome Pine Restaurant,89 Chiaroscuro Rd.,Portland,OR,97219,USA
10308,ANATR,7,18/09/1996,16/10/1996,24/09/1996,3,2,Ana Trujillo Emparedados y helados,Avda. de la Constitucin 2222,Mxico D.F.,NULL,5021,Mexico
10309,HUNGO,3,19/09/1996,17/10/1996,23/10/1996,1,47,Hungry Owl All-Night Grocers,8 Johnstown Road,Cork,Co. Cork,NULL,Ireland
10310,THEBI,8,20/09/1996,18/10/1996,27/09/1996,2,18,The Big Cheese,89 Jefferson Way Suite 2,Portland,OR,97201,USA
10311,DUMON,1,20/09/1996,04/10/1996,26/09/1996,3,25,Du monde entier,"67, rue des Cinquante Otages",Nantes,NULL,44000,France
10312,WANDK,2,23/09/1996,21/10/1996,03/10/1996,2,40,Die Wandernde Kuh,Adenauerallee 900,Stuttgart,NULL,70563,Germany
10313,QUICK,2,24/09/1996,22/10/1996,04/10/1996,2,2,QUICK-Stop,Taucherstrae 10,Cunewalde,NULL,1307,Germany
10314,RATTC,1,25/09/1996,23/10/1996,04/10/1996,2,74,Rattlesnake Canyon Grocery,2817 Milton Dr.,Albuquerque,NM,87110,USA
10315,ISLAT,4,26/09/1996,24/10/1996,03/10/1996,2,42,Island Trading,Garden House Crowther Way,Cowes,Isle of Wight,PO31 7PJ,UK
10316,RATTC,1,27/09/1996,25/10/1996,08/10/1996,3,150,Rattlesnake Canyon Grocery,2817 Milton Dr.,Albuquerque,NM,87110,USA
10317,LONEP,6,30/09/1996,28/10/1996,10/10/1996,1,13,Lonesome Pine Restaurant,89 Chiaroscuro Rd.,Portland,OR,97219,USA
10318,ISLAT,8,01/10/1996,29/10/1996,04/10/1996,2,5,Island Trading,Garden House Crowther Way,Cowes,Isle of Wight,PO31 7PJ,UK
10319,TORTU,7,02/10/1996,30/10/1996,11/10/1996,3,65,Tortuga Restaurante,Avda. Azteca 123,Mxico D.F.,NULL,5033,Mexico
10320,WARTH,5,03/10/1996,17/10/1996,18/10/1996,3,35,Wartian Herkku,Torikatu 38,Oulu,NULL,90110,Finland
10321,ISLAT,3,03/10/1996,31/10/1996,11/10/1996,2,3,Island Trading,Garden House Crowther Way,Cowes,Isle of Wight,PO31 7PJ,UK
10322,PERIC,7,04/10/1996,01/11/1996,23/10/1996,3,0,Pericles Comidas clsicas,Calle Dr. Jorge Cash 321,Mxico D.F.,NULL,5033,Mexico
10323,KOENE,4,07/10/1996,04/11/1996,14/10/1996,1,5,Kniglich Essen,Maubelstr. 90,Brandenburg,NULL,14776,Germany
10324,SAVEA,9,08/10/1996,05/11/1996,10/10/1996,1,214,Save-a-lot Markets,187 Suffolk Ln.,Boise,ID,83720,USA
10325,KOENE,1,09/10/1996,23/10/1996,14/10/1996,3,65,Kniglich Essen,Maubelstr. 90,Brandenburg,NULL,14776,Germany
10326,BOLID,4,10/10/1996,07/11/1996,14/10/1996,2,78,Blido Comidas preparadas,"C/ Araquil, 67",Madrid,NULL,28023,Spain
10327,FOLKO,2,11/10/1996,08/11/1996,14/10/1996,1,63,Folk och f HB,kergatan 24,Brcke,NULL,S-844 67,Sweden
10328,FURIB,4,14/10/1996,11/11/1996,17/10/1996,3,87,Furia Bacalhau e Frutos do Mar,Jardim das rosas n. 32,Lisboa,NULL,1675,Portugal
10329,SPLIR,4,15/10/1996,26/11/1996,23/10/1996,2,192,Split Rail Beer & Ale,P.O. Box 555,Lander,WY,82520,USA
10330,LILAS,3,16/10/1996,13/11/1996,28/10/1996,1,13,LILA-Supermercado,Carrera 52 con Ave. Bolvar #65-98 Llano Largo,Barquisimeto,Lara,3508,Venezuela
10331,BONAP,9,16/10/1996,27/11/1996,21/10/1996,1,10,Bon app-,"12, rue des Bouchers",Marseille,NULL,13008,France
10332,MEREP,3,17/10/1996,28/11/1996,21/10/1996,2,53,Mre Paillarde,43 rue St. Laurent,Montral,Qubec,H1J 1C3,Canada
10333,WARTH,5,18/10/1996,15/11/1996,25/10/1996,3,1,Wartian Herkku,Torikatu 38,Oulu,NULL,90110,Finland
10334,VICTE,8,21/10/1996,18/11/1996,28/10/1996,2,9,Victuailles en stock,"2, rue du Commerce",Lyon,NULL,69004,France
10335,HUNGO,7,22/10/1996,19/11/1996,24/10/1996,2,42,Hungry Owl All-Night Grocers,8 Johnstown Road,Cork,Co. Cork,NULL,Ireland
10336,PRINI,7,23/10/1996,20/11/1996,25/10/1996,2,16,Princesa Isabel Vinhos,Estrada da sade n. 58,Lisboa,NULL,1756,Portugal
10337,FRANK,4,24/10/1996,21/11/1996,29/10/1996,3,108,Frankenversand,Berliner Platz 43,Mnchen,NULL,80805,Germany
10338,OLDWO,4,25/10/1996,22/11/1996,29/10/1996,3,84,Old World Delicatessen,2743 Bering St.,Anchorage,AK,99508,USA
10339,MEREP,2,28/10/1996,25/11/1996,04/11/1996,2,16,Mre Paillarde,43 rue St. Laurent,Montral,Qubec,H1J 1C3,Canada
10340,BONAP,1,29/10/1996,26/11/1996,08/11/1996,3,166,Bon app-,"12, rue des Bouchers",Marseille,NULL,13008,France
10341,SIMOB,7,29/10/1996,26/11/1996,05/11/1996,3,27,Simons bistro,Vinbltet 34,Kobenhavn,NULL,1734,Denmark
10342,FRANK,4,30/10/1996,13/11/1996,04/11/1996,2,55,Frankenversand,Berliner Platz 43,Mnchen,NULL,80805,Germany
10343,LEHMS,4,31/10/1996,28/11/1996,06/11/1996,1,110,Lehmanns Marktstand,Magazinweg 7,Frankfurt a.M.,NULL,60528,Germany
10344,WHITC,4,01/11/1996,29/11/1996,05/11/1996,2,23,White Clover Markets,1029 - 12th Ave. S.,Seattle,WA,98124,USA
10345,QUICK,2,04/11/1996,02/12/1996,11/11/1996,2,249,QUICK-Stop,Taucherstrae 10,Cunewalde,NULL,1307,Germany
10346,RATTC,3,05/11/1996,17/12/1996,08/11/1996,3,142,Rattlesnake Canyon Grocery,2817 Milton Dr.,Albuquerque,NM,87110,USA
10347,FAMIA,4,06/11/1996,04/12/1996,08/11/1996,3,3,Familia Arquibaldo,"Rua Ors, 92",Sao Paulo,SP,05442-030,Brazil
10348,WANDK,4,07/11/1996,05/12/1996,15/11/1996,2,1,Die Wandernde Kuh,Adenauerallee 900,Stuttgart,NULL,70563,Germany
10349,SPLIR,7,08/11/1996,06/12/1996,15/11/1996,1,9,Split Rail Beer & Ale,P.O. Box 555,Lander,WY,82520,USA
10350,LAMAI,6,11/11/1996,09/12/1996,03/12/1996,2,64,La maison d-Asie,1 rue Alsace-Lorraine,Toulouse,NULL,31000,France
10351,ERNSH,1,11/11/1996,09/12/1996,20/11/1996,1,162,Ernst Handel,Kirchgasse 6,Graz,NULL,8010,Austria
10352,FURIB,3,12/11/1996,26/11/1996,18/11/1996,3,1,Furia Bacalhau e Frutos do Mar,Jardim das rosas n. 32,Lisboa,NULL,1675,Portugal
10353,PICCO,7,13/11/1996,11/12/1996,25/11/1996,3,361,Piccolo und mehr,Geislweg 14,Salzburg,NULL,5020,Austria
10354,PERIC,8,14/11/1996,12/12/1996,20/11/1996,3,54,Pericles Comidas clsicas,Calle Dr. Jorge Cash 321,Mxico D.F.,NULL,5033,Mexico
10355,AROUT,6,15/11/1996,13/12/1996,20/11/1996,1,42,Around the Horn,Brook Farm Stratford St. Mary,Colchester,Essex,CO7 6JX,UK
10356,WANDK,6,18/11/1996,16/12/1996,27/11/1996,2,37,Die Wandernde Kuh,Adenauerallee 900,Stuttgart,NULL,70563,Germany
10357,LILAS,1,19/11/1996,17/12/1996,02/12/1996,3,35,LILA-Supermercado,Carrera 52 con Ave. Bolvar #65-98 Llano Largo,Barquisimeto,Lara,3508,Venezuela
10358,LAMAI,5,20/11/1996,18/12/1996,27/11/1996,1,20,La maison d-Asie,1 rue Alsace-Lorraine,Toulouse,NULL,31000,France
10359,SEVES,5,21/11/1996,19/12/1996,26/11/1996,3,288,Seven Seas Imports,90 Wadhurst Rd.,London,NULL,OX15 4NB,UK
10360,BLONP,4,22/11/1996,20/12/1996,02/12/1996,3,132,Blondel pre et fils,"24, place Klber",Strasbourg,NULL,67000,France
10361,QUICK,1,22/11/1996,20/12/1996,03/12/1996,2,183,QUICK-Stop,Taucherstrae 10,Cunewalde,NULL,1307,Germany
10362,BONAP,3,25/11/1996,23/12/1996,28/11/1996,1,96,Bon app-,"12, rue des Bouchers",Marseille,NULL,13008,France
10363,DRACD,4,26/11/1996,24/12/1996,04/12/1996,3,31,Drachenblut Delikatessen,Walserweg 21,Aachen,NULL,52066,Germany
10364,EASTC,1,26/11/1996,07/01/1997,04/12/1996,1,72,Eastern Connection,35 King George,London,NULL,WX3 6FW,UK
10365,ANTON,3,27/11/1996,25/12/1996,02/12/1996,2,22,Antonio Moreno Taquera,Mataderos 2312,Mxico D.F.,NULL,5023,Mexico
10366,GALED,8,28/11/1996,09/01/1997,30/12/1996,2,10,Galera del gastronmo,"Rambla de Catalua, 23",Barcelona,NULL,8022,Spain
10367,VAFFE,7,28/11/1996,26/12/1996,02/12/1996,3,14,Vaffeljernet,Smagsloget 45,rhus,NULL,8200,Denmark
10368,ERNSH,2,29/11/1996,27/12/1996,02/12/1996,2,102,Ernst Handel,Kirchgasse 6,Graz,NULL,8010,Austria
10369,SPLIR,8,02/12/1996,30/12/1996,09/12/1996,2,196,Split Rail Beer & Ale,P.O. Box 555,Lander,WY,82520,USA
10370,CHOPS,6,03/12/1996,31/12/1996,27/12/1996,2,1,Chop-suey Chinese,Hauptstr. 31,Bern,NULL,3012,Switzerland
10371,LAMAI,1,03/12/1996,31/12/1996,24/12/1996,1,0,La maison d-Asie,1 rue Alsace-Lorraine,Toulouse,NULL,31000,France
10372,QUEEN,5,04/12/1996,01/01/1997,09/12/1996,2,891,Queen Cozinha,"Alameda dos Canrios, 891",Sao Paulo,SP,05487-020,Brazil
10373,HUNGO,4,05/12/1996,02/01/1997,11/12/1996,3,124,Hungry Owl All-Night Grocers,8 Johnstown Road,Cork,Co. Cork,NULL,Ireland
10374,WOLZA,1,05/12/1996,02/01/1997,09/12/1996,3,4,Wolski Zajazd,ul. Filtrowa 68,Warszawa,NULL,01-012,Poland
10375,HUNGC,3,06/12/1996,03/01/1997,09/12/1996,2,20,Hungry Coyote Import Store,City Center Plaza 516 Main St.,Elgin,OR,97827,USA
10376,MEREP,1,09/12/1996,06/01/1997,13/12/1996,2,20,Mre Paillarde,43 rue St. Laurent,Montral,Qubec,H1J 1C3,Canada
10377,SEVES,1,09/12/1996,06/01/1997,13/12/1996,3,22,Seven Seas Imports,90 Wadhurst Rd.,London,NULL,OX15 4NB,UK
10378,FOLKO,5,10/12/1996,07/01/1997,19/12/1996,3,5,Folk och f HB,kergatan 24,Brcke,NULL,S-844 67,Sweden
10379,QUEDE,2,11/12/1996,08/01/1997,13/12/1996,1,45,Que Delcia,"Rua da Panificadora, 12",Rio de Janeiro,RJ,02389-673,Brazil
10380,HUNGO,8,12/12/1996,09/01/1997,16/01/1997,3,35,Hungry Owl All-Night Grocers,8 Johnstown Road,Cork,Co. Cork,NULL,Ireland
10381,LILAS,3,12/12/1996,09/01/1997,13/12/1996,3,8,LILA-Supermercado,Carrera 52 con Ave. Bolvar #65-98 Llano Largo,Barquisimeto,Lara,3508,Venezuela
10382,ERNSH,4,13/12/1996,10/01/1997,16/12/1996,1,95,Ernst Handel,Kirchgasse 6,Graz,NULL,8010,Austria
10383,AROUT,8,16/12/1996,13/01/1997,18/12/1996,3,34,Around the Horn,Brook Farm Stratford St. Mary,Colchester,Essex,CO7 6JX,UK
10384,BERGS,3,16/12/1996,13/01/1997,20/12/1996,3,169,Berglunds snabbkp,Berguvsvgen 8,Lule,NULL,S-958 22,Sweden
10385,SPLIR,1,17/12/1996,14/01/1997,23/12/1996,2,31,Split Rail Beer & Ale,P.O. Box 555,Lander,WY,82520,USA
10386,FAMIA,9,18/12/1996,01/01/1997,25/12/1996,3,14,Familia Arquibaldo,"Rua Ors, 92",Sao Paulo,SP,05442-030,Brazil
10387,SANTG,1,18/12/1996,15/01/1997,20/12/1996,2,94,Sant Gourmet,Erling Skakkes gate 78,Stavern,NULL,4110,Norway
10388,SEVES,2,19/12/1996,16/01/1997,20/12/1996,1,35,Seven Seas Imports,90 Wadhurst Rd.,London,NULL,OX15 4NB,UK
10389,BOTTM,4,20/12/1996,17/01/1997,24/12/1996,2,47,Bottom-Dollar Markets,23 Tsawassen Blvd.,Tsawassen,BC,T2F 8M4,Canada
10390,ERNSH,6,23/12/1996,20/01/1997,26/12/1996,1,126,Ernst Handel,Kirchgasse 6,Graz,NULL,8010,Austria
10391,DRACD,3,23/12/1996,20/01/1997,31/12/1996,3,5,Drachenblut Delikatessen,Walserweg 21,Aachen,NULL,52066,Germany
10392,PICCO,2,24/12/1996,21/01/1997,01/01/1997,3,122,Piccolo und mehr,Geislweg 14,Salzburg,NULL,5020,Austria
10393,SAVEA,1,25/12/1996,22/01/1997,03/01/1997,3,127,Save-a-lot Markets,187 Suffolk Ln.,Boise,ID,83720,USA
10394,HUNGC,1,25/12/1996,22/01/1997,03/01/1997,3,30,Hungry Coyote Import Store,City Center Plaza 516 Main St.,Elgin,OR,97827,USA
10395,HILAA,6,26/12/1996,23/01/1997,03/01/1997,1,184,HILARION-Abastos,Carrera 22 con Ave. Carlos Soublette #8-35,San Cristbal,Tchira,5022,Venezuela
10396,FRANK,1,27/12/1996,10/01/1997,06/01/1997,3,135,Frankenversand,Berliner Platz 43,Mnchen,NULL,80805,Germany
10397,PRINI,5,27/12/1996,24/01/1997,02/01/1997,1,60,Princesa Isabel Vinhos,Estrada da sade n. 58,Lisboa,NULL,1756,Portugal
10398,SAVEA,2,30/12/1996,27/01/1997,09/01/1997,3,89,Save-a-lot Markets,187 Suffolk Ln.,Boise,ID,83720,USA
10399,VAFFE,8,31/12/1996,14/01/1997,08/01/1997,3,27,Vaffeljernet,Smagsloget 45,rhus,NULL,8200,Denmark
10400,EASTC,1,01/01/1997,29/01/1997,16/01/1997,3,84,Eastern Connection,35 King George,London,NULL,WX3 6FW,UK
10401,RATTC,1,01/01/1997,29/01/1997,10/01/1997,1,13,Rattlesnake Canyon Grocery,2817 Milton Dr.,Albuquerque,NM,87110,USA
10402,ERNSH,8,02/01/1997,13/02/1997,10/01/1997,2,68,Ernst Handel,Kirchgasse 6,Graz,NULL,8010,Austria
10403,ERNSH,4,03/01/1997,31/01/1997,09/01/1997,3,74,Ernst Handel,Kirchgasse 6,Graz,NULL,8010,Austria
10404,MAGAA,2,03/01/1997,31/01/1997,08/01/1997,1,156,Magazzini Alimentari Riuniti,Via Ludovico il Moro 22,Bergamo,NULL,24100,Italy
10405,LINOD,1,06/01/1997,03/02/1997,22/01/1997,1,35,LINO-Delicateses,Ave. 5 de Mayo Porlamar,I. de Margarita,Nueva Esparta,4980,Venezuela
10406,QUEEN,7,07/01/1997,18/02/1997,13/01/1997,1,108,Queen Cozinha,"Alameda dos Canrios, 891",Sao Paulo,SP,05487-020,Brazil
10407,OTTIK,2,07/01/1997,04/02/1997,30/01/1997,2,91,Ottilies Kseladen,Mehrheimerstr. 369,Kln,NULL,50739,Germany
10408,FOLIG,8,08/01/1997,05/02/1997,14/01/1997,1,11,Folies gourmandes,"184, chausse de Tournai",Lille,NULL,59000,France
10409,OCEAN,3,09/01/1997,06/02/1997,14/01/1997,1,30,Ocano Atlntico Ltda.,Ing. Gustavo Moncada 8585 Piso 20-A,Buenos Aires,NULL,1010,Argentina
10410,BOTTM,3,10/01/1997,07/02/1997,15/01/1997,3,2,Bottom-Dollar Markets,23 Tsawassen Blvd.,Tsawassen,BC,T2F 8M4,Canada
10411,BOTTM,9,10/01/1997,07/02/1997,21/01/1997,3,24,Bottom-Dollar Markets,23 Tsawassen Blvd.,Tsawassen,BC,T2F 8M4,Canada
10412,WARTH,8,13/01/1997,10/02/1997,15/01/1997,2,4,Wartian Herkku,Torikatu 38,Oulu,NULL,90110,Finland
10413,LAMAI,3,14/01/1997,11/02/1997,16/01/1997,2,96,La maison d-Asie,1 rue Alsace-Lorraine,Toulouse,NULL,31000,France
10414,FAMIA,2,14/01/1997,11/02/1997,17/01/1997,3,21,Familia Arquibaldo,"Rua Ors, 92",Sao Paulo,SP,05442-030,Brazil
10415,HUNGC,3,15/01/1997,12/02/1997,24/01/1997,1,0,Hungry Coyote Import Store,City Center Plaza 516 Main St.,Elgin,OR,97827,USA
10416,WARTH,8,16/01/1997,13/02/1997,27/01/1997,3,23,Wartian Herkku,Torikatu 38,Oulu,NULL,90110,Finland
10417,SIMOB,4,16/01/1997,13/02/1997,28/01/1997,3,70,Simons bistro,Vinbltet 34,Kobenhavn,NULL,1734,Denmark
10418,QUICK,4,17/01/1997,14/02/1997,24/01/1997,1,18,QUICK-Stop,Taucherstrae 10,Cunewalde,NULL,1307,Germany
10419,RICSU,4,20/01/1997,17/02/1997,30/01/1997,2,137,Richter Supermarkt,Starenweg 5,Genve,NULL,1204,Switzerland
10420,WELLI,3,21/01/1997,18/02/1997,27/01/1997,1,44,Wellington Importadora,"Rua do Mercado, 12",Resende,SP,08737-363,Brazil
10421,QUEDE,8,21/01/1997,04/03/1997,27/01/1997,1,99,Que Delcia,"Rua da Panificadora, 12",Rio de Janeiro,RJ,02389-673,Brazil
10422,FRANS,2,22/01/1997,19/02/1997,31/01/1997,1,3,Franchi S.p.A.,Via Monte Bianco 34,Torino,NULL,10100,Italy
10423,GOURL,6,23/01/1997,06/02/1997,24/02/1997,3,25,Gourmet Lanchonetes,"Av. Brasil, 442",Campinas,SP,04876-786,Brazil
10424,MEREP,7,23/01/1997,20/02/1997,27/01/1997,2,371,Mre Paillarde,43 rue St. Laurent,Montral,Qubec,H1J 1C3,Canada
10425,LAMAI,6,24/01/1997,21/02/1997,14/02/1997,2,8,La maison d-Asie,1 rue Alsace-Lorraine,Toulouse,NULL,31000,France
10426,GALED,4,27/01/1997,24/02/1997,06/02/1997,1,19,Galera del gastronmo,"Rambla de Catalua, 23",Barcelona,NULL,8022,Spain
10427,PICCO,4,27/01/1997,24/02/1997,03/03/1997,2,31,Piccolo und mehr,Geislweg 14,Salzburg,NULL,5020,Austria
10428,REGGC,7,28/01/1997,25/02/1997,04/02/1997,1,11,Reggiani Caseifici,Strada Provinciale 124,Reggio Emilia,NULL,42100,Italy
10429,HUNGO,3,29/01/1997,12/03/1997,07/02/1997,2,57,Hungry Owl All-Night Grocers,8 Johnstown Road,Cork,Co. Cork,NULL,Ireland
10430,ERNSH,4,30/01/1997,13/02/1997,03/02/1997,1,459,Ernst Handel,Kirchgasse 6,Graz,NULL,8010,Austria
10431,BOTTM,4,30/01/1997,13/02/1997,07/02/1997,2,44,Bottom-Dollar Markets,23 Tsawassen Blvd.,Tsawassen,BC,T2F 8M4,Canada
10432,SPLIR,3,31/01/1997,14/02/1997,07/02/1997,2,4,Split Rail Beer & Ale,P.O. Box 555,Lander,WY,82520,USA
10433,PRINI,3,03/02/1997,03/03/1997,04/03/1997,3,74,Princesa Isabel Vinhos,Estrada da sade n. 58,Lisboa,NULL,1756,Portugal
10434,FOLKO,3,03/02/1997,03/03/1997,13/02/1997,2,18,Folk och f HB,kergatan 24,Brcke,NULL,S-844 67,Sweden
10435,CONSH,8,04/02/1997,18/03/1997,07/02/1997,2,9,Consolidated Holdings,Berkeley Gardens 12 Brewery,London,NULL,WX1 6LT,UK
10436,BLONP,3,05/02/1997,05/03/1997,11/02/1997,2,157,Blondel pre et fils,"24, place Klber",Strasbourg,NULL,67000,France
10437,WARTH,8,05/02/1997,05/03/1997,12/02/1997,1,20,Wartian Herkku,Torikatu 38,Oulu,NULL,90110,Finland
10438,TOMSP,3,06/02/1997,06/03/1997,14/02/1997,2,8,Toms Spezialitten,Luisenstr. 48,Mnster,NULL,44087,Germany
10439,MEREP,6,07/02/1997,07/03/1997,10/02/1997,3,4,Mre Paillarde,43 rue St. Laurent,Montral,Qubec,H1J 1C3,Canada
10440,SAVEA,4,10/02/1997,10/03/1997,28/02/1997,2,87,Save-a-lot Markets,187 Suffolk Ln.,Boise,ID,83720,USA
10441,OLDWO,3,10/02/1997,24/03/1997,14/03/1997,2,73,Old World Delicatessen,2743 Bering St.,Anchorage,AK,99508,USA
10442,ERNSH,3,11/02/1997,11/03/1997,18/02/1997,2,48,Ernst Handel,Kirchgasse 6,Graz,NULL,8010,Austria
10443,REGGC,8,12/02/1997,12/03/1997,14/02/1997,1,14,Reggiani Caseifici,Strada Provinciale 124,Reggio Emilia,NULL,42100,Italy
10444,BERGS,3,12/02/1997,12/03/1997,21/02/1997,3,4,Berglunds snabbkp,Berguvsvgen 8,Lule,NULL,S-958 22,Sweden
10445,BERGS,3,13/02/1997,13/03/1997,20/02/1997,1,9,Berglunds snabbkp,Berguvsvgen 8,Lule,NULL,S-958 22,Sweden
10446,TOMSP,6,14/02/1997,14/03/1997,19/02/1997,1,15,Toms Spezialitten,Luisenstr. 48,Mnster,NULL,44087,Germany
10447,RICAR,4,14/02/1997,14/03/1997,07/03/1997,2,69,Ricardo Adocicados,"Av. Copacabana, 267",Rio de Janeiro,RJ,02389-890,Brazil
10448,RANCH,4,17/02/1997,17/03/1997,24/02/1997,2,39,Rancho grande,Av. del Libertador 900,Buenos Aires,NULL,1010,Argentina
10449,BLONP,3,18/02/1997,18/03/1997,27/02/1997,2,53,Blondel pre et fils,"24, place Klber",Strasbourg,NULL,67000,France
10450,VICTE,8,19/02/1997,19/03/1997,11/03/1997,2,7,Victuailles en stock,"2, rue du Commerce",Lyon,NULL,69004,France
10451,QUICK,4,19/02/1997,05/03/1997,12/03/1997,3,189,QUICK-Stop,Taucherstrae 10,Cunewalde,NULL,1307,Germany
10452,SAVEA,8,20/02/1997,20/03/1997,26/02/1997,1,140,Save-a-lot Markets,187 Suffolk Ln.,Boise,ID,83720,USA
10453,AROUT,1,21/02/1997,21/03/1997,26/02/1997,2,25,Around the Horn,Brook Farm Stratford St. Mary,Colchester,Essex,CO7 6JX,UK
10454,LAMAI,4,21/02/1997,21/03/1997,25/02/1997,3,3,La maison d-Asie,1 rue Alsace-Lorraine,Toulouse,NULL,31000,France
10455,WARTH,8,24/02/1997,07/04/1997,03/03/1997,2,180,Wartian Herkku,Torikatu 38,Oulu,NULL,90110,Finland
10456,KOENE,8,25/02/1997,08/04/1997,28/02/1997,2,8,Kniglich Essen,Maubelstr. 90,Brandenburg,NULL,14776,Germany
10457,KOENE,2,25/02/1997,25/03/1997,03/03/1997,1,12,Kniglich Essen,Maubelstr. 90,Brandenburg,NULL,14776,Germany
10458,SUPRD,7,26/02/1997,26/03/1997,04/03/1997,3,147,Suprmes dlices,"Boulevard Tirou, 255",Charleroi,NULL,B-6000,Belgium
10459,VICTE,4,27/02/1997,27/03/1997,28/02/1997,2,25,Victuailles en stock,"2, rue du Commerce",Lyon,NULL,69004,France
10460,FOLKO,8,28/02/1997,28/03/1997,03/03/1997,1,16,Folk och f HB,kergatan 24,Brcke,NULL,S-844 67,Sweden
10461,LILAS,1,28/02/1997,28/03/1997,05/03/1997,3,149,LILA-Supermercado,Carrera 52 con Ave. Bolvar #65-98 Llano Largo,Barquisimeto,Lara,3508,Venezuela
10462,CONSH,2,03/03/1997,31/03/1997,18/03/1997,1,6,Consolidated Holdings,Berkeley Gardens 12 Brewery,London,NULL,WX1 6LT,UK
10463,SUPRD,5,04/03/1997,01/04/1997,06/03/1997,3,15,Suprmes dlices,"Boulevard Tirou, 255",Charleroi,NULL,B-6000,Belgium
10464,FURIB,4,04/03/1997,01/04/1997,14/03/1997,2,89,Furia Bacalhau e Frutos do Mar,Jardim das rosas n. 32,Lisboa,NULL,1675,Portugal
10465,VAFFE,1,05/03/1997,02/04/1997,14/03/1997,3,145,Vaffeljernet,Smagsloget 45,rhus,NULL,8200,Denmark
10466,COMMI,4,06/03/1997,03/04/1997,13/03/1997,1,12,Comrcio Mineiro,"Av. dos Lusadas, 23",Sao Paulo,SP,05432-043,Brazil
10467,MAGAA,8,06/03/1997,03/04/1997,11/03/1997,2,5,Magazzini Alimentari Riuniti,Via Ludovico il Moro 22,Bergamo,NULL,24100,Italy
10468,KOENE,3,07/03/1997,04/04/1997,12/03/1997,3,44,Kniglich Essen,Maubelstr. 90,Brandenburg,NULL,14776,Germany
10469,WHITC,1,10/03/1997,07/04/1997,14/03/1997,1,60,White Clover Markets,1029 - 12th Ave. S.,Seattle,WA,98124,USA
10470,BONAP,4,11/03/1997,08/04/1997,14/03/1997,2,65,Bon app-,"12, rue des Bouchers",Marseille,NULL,13008,France
10471,BSBEV,2,11/03/1997,08/04/1997,18/03/1997,3,46,B-s Beverages,Fauntleroy Circus,London,NULL,EC2 5NT,UK
10472,SEVES,8,12/03/1997,09/04/1997,19/03/1997,1,4,Seven Seas Imports,90 Wadhurst Rd.,London,NULL,OX15 4NB,UK
10473,ISLAT,1,13/03/1997,27/03/1997,21/03/1997,3,16,Island Trading,Garden House Crowther Way,Cowes,Isle of Wight,PO31 7PJ,UK
10474,PERIC,5,13/03/1997,10/04/1997,21/03/1997,2,83,Pericles Comidas clsicas,Calle Dr. Jorge Cash 321,Mxico D.F.,NULL,5033,Mexico
10475,SUPRD,9,14/03/1997,11/04/1997,04/04/1997,1,69,Suprmes dlices,"Boulevard Tirou, 255",Charleroi,NULL,B-6000,Belgium
10476,HILAA,8,17/03/1997,14/04/1997,24/03/1997,3,4,HILARION-Abastos,Carrera 22 con Ave. Carlos Soublette #8-35,San Cristbal,Tchira,5022,Venezuela
10477,PRINI,5,17/03/1997,14/04/1997,25/03/1997,2,13,Princesa Isabel Vinhos,Estrada da sade n. 58,Lisboa,NULL,1756,Portugal
10478,VICTE,2,18/03/1997,01/04/1997,26/03/1997,3,5,Victuailles en stock,"2, rue du Commerce",Lyon,NULL,69004,France
10479,RATTC,3,19/03/1997,16/04/1997,21/03/1997,3,709,Rattlesnake Canyon Grocery,2817 Milton Dr.,Albuquerque,NM,87110,USA
10480,FOLIG,6,20/03/1997,17/04/1997,24/03/1997,2,1,Folies gourmandes,"184, chausse de Tournai",Lille,NULL,59000,France
10481,RICAR,8,20/03/1997,17/04/1997,25/03/1997,2,64,Ricardo Adocicados,"Av. Copacabana, 267",Rio de Janeiro,RJ,02389-890,Brazil
10482,LAZYK,1,21/03/1997,18/04/1997,10/04/1997,3,7,Lazy K Kountry Store,12 Orchestra Terrace,Walla Walla,WA,99362,USA
10483,WHITC,7,24/03/1997,21/04/1997,25/04/1997,2,15,White Clover Markets,1029 - 12th Ave. S.,Seattle,WA,98124,USA
10484,BSBEV,3,24/03/1997,21/04/1997,01/04/1997,3,7,B-s Beverages,Fauntleroy Circus,London,NULL,EC2 5NT,UK
10485,LINOD,4,25/03/1997,08/04/1997,31/03/1997,2,64,LINO-Delicateses,Ave. 5 de Mayo Porlamar,I. de Margarita,Nueva Esparta,4980,Venezuela
10486,HILAA,1,26/03/1997,23/04/1997,02/04/1997,2,31,HILARION-Abastos,Carrera 22 con Ave. Carlos Soublette #8-35,San Cristbal,Tchira,5022,Venezuela
10487,QUEEN,2,26/03/1997,23/04/1997,28/03/1997,2,71,Queen Cozinha,"Alameda dos Canrios, 891",Sao Paulo,SP,05487-020,Brazil
10488,FRANK,8,27/03/1997,24/04/1997,02/04/1997,2,5,Frankenversand,Berliner Platz 43,Mnchen,NULL,80805,Germany
10489,PICCO,6,28/03/1997,25/04/1997,09/04/1997,2,5,Piccolo und mehr,Geislweg 14,Salzburg,NULL,5020,Austria
10490,HILAA,7,31/03/1997,28/04/1997,03/04/1997,2,210,HILARION-Abastos,Carrera 22 con Ave. Carlos Soublette #8-35,San Cristbal,Tchira,5022,Venezuela
10491,FURIB,8,31/03/1997,28/04/1997,08/04/1997,3,17,Furia Bacalhau e Frutos do Mar,Jardim das rosas n. 32,Lisboa,NULL,1675,Portugal
10492,BOTTM,3,01/04/1997,29/04/1997,11/04/1997,1,63,Bottom-Dollar Markets,23 Tsawassen Blvd.,Tsawassen,BC,T2F 8M4,Canada
10493,LAMAI,4,02/04/1997,30/04/1997,10/04/1997,3,11,La maison d-Asie,1 rue Alsace-Lorraine,Toulouse,NULL,31000,France
10494,COMMI,4,02/04/1997,30/04/1997,09/04/1997,2,66,Comrcio Mineiro,"Av. dos Lusadas, 23",Sao Paulo,SP,05432-043,Brazil
10495,LAUGB,3,03/04/1997,01/05/1997,11/04/1997,3,5,Laughing Bacchus Wine Cellars,2319 Elm St.,Vancouver,BC,V3F 2K1,Canada
10496,TRADH,7,04/04/1997,02/05/1997,07/04/1997,2,47,Tradiao Hipermercados,"Av. Ins de Castro, 414",Sao Paulo,SP,05634-030,Brazil
10497,LEHMS,7,04/04/1997,02/05/1997,07/04/1997,1,36,Lehmanns Marktstand,Magazinweg 7,Frankfurt a.M.,NULL,60528,Germany
10498,HILAA,8,07/04/1997,05/05/1997,11/04/1997,2,30,HILARION-Abastos,Carrera 22 con Ave. Carlos Soublette #8-35,San Cristbal,Tchira,5022,Venezuela
10499,LILAS,4,08/04/1997,06/05/1997,16/04/1997,2,102,LILA-Supermercado,Carrera 52 con Ave. Bolvar #65-98 Llano Largo,Barquisimeto,Lara,3508,Venezuela
10500,LAMAI,6,09/04/1997,07/05/1997,17/04/1997,1,43,La maison d-Asie,1 rue Alsace-Lorraine,Toulouse,NULL,31000,France
10501,BLAUS,9,09/04/1997,07/05/1997,16/04/1997,3,9,Blauer See Delikatessen,Forsterstr. 57,Mannheim,NULL,68306,Germany
10502,PERIC,2,10/04/1997,08/05/1997,29/04/1997,1,69,Pericles Comidas clsicas,Calle Dr. Jorge Cash 321,Mxico D.F.,NULL,5033,Mexico
10503,HUNGO,6,11/04/1997,09/05/1997,16/04/1997,2,17,Hungry Owl All-Night Grocers,8 Johnstown Road,Cork,Co. Cork,NULL,Ireland
10504,WHITC,4,11/04/1997,09/05/1997,18/04/1997,3,59,White Clover Markets,1029 - 12th Ave. S.,Seattle,WA,98124,USA
10505,MEREP,3,14/04/1997,12/05/1997,21/04/1997,3,7,Mre Paillarde,43 rue St. Laurent,Montral,Qubec,H1J 1C3,Canada
10506,KOENE,9,15/04/1997,13/05/1997,02/05/1997,2,21,Kniglich Essen,Maubelstr. 90,Brandenburg,NULL,14776,Germany
10507,ANTON,7,15/04/1997,13/05/1997,22/04/1997,1,47,Antonio Moreno Taquera,Mataderos 2312,Mxico D.F.,NULL,5023,Mexico
10508,OTTIK,1,16/04/1997,14/05/1997,13/05/1997,2,5,Ottilies Kseladen,Mehrheimerstr. 369,Kln,NULL,50739,Germany
10509,BLAUS,4,17/04/1997,15/05/1997,29/04/1997,1,0,Blauer See Delikatessen,Forsterstr. 57,Mannheim,NULL,68306,Germany
10510,SAVEA,6,18/04/1997,16/05/1997,28/04/1997,3,368,Save-a-lot Markets,187 Suffolk Ln.,Boise,ID,83720,USA
10511,BONAP,4,18/04/1997,16/05/1997,21/04/1997,3,351,Bon app-,"12, rue des Bouchers",Marseille,NULL,13008,France
10512,FAMIA,7,21/04/1997,19/05/1997,24/04/1997,2,4,Familia Arquibaldo,"Rua Ors, 92",Sao Paulo,SP,05442-030,Brazil
10513,WANDK,7,22/04/1997,03/06/1997,28/04/1997,1,106,Die Wandernde Kuh,Adenauerallee 900,Stuttgart,NULL,70563,Germany
10514,ERNSH,3,22/04/1997,20/05/1997,16/05/1997,2,790,Ernst Handel,Kirchgasse 6,Graz,NULL,8010,Austria
10515,QUICK,2,23/04/1997,07/05/1997,23/05/1997,1,204,QUICK-Stop,Taucherstrae 10,Cunewalde,NULL,1307,Germany
10516,HUNGO,2,24/04/1997,22/05/1997,01/05/1997,3,63,Hungry Owl All-Night Grocers,8 Johnstown Road,Cork,Co. Cork,NULL,Ireland
10517,NORTS,3,24/04/1997,22/05/1997,29/04/1997,3,32,North/South,South House 300 Queensbridge,London,NULL,SW7 1RZ,UK
10518,TORTU,4,25/04/1997,09/05/1997,05/05/1997,2,218,Tortuga Restaurante,Avda. Azteca 123,Mxico D.F.,NULL,5033,Mexico
10519,CHOPS,6,28/04/1997,26/05/1997,01/05/1997,3,92,Chop-suey Chinese,Hauptstr. 31,Bern,NULL,3012,Switzerland
10520,SANTG,7,29/04/1997,27/05/1997,01/05/1997,1,13,Sant Gourmet,Erling Skakkes gate 78,Stavern,NULL,4110,Norway
10521,CACTU,8,29/04/1997,27/05/1997,02/05/1997,2,17,Cactus Comidas para llevar,Cerrito 333,Buenos Aires,NULL,1010,Argentina
10522,LEHMS,4,30/04/1997,28/05/1997,06/05/1997,1,45,Lehmanns Marktstand,Magazinweg 7,Frankfurt a.M.,NULL,60528,Germany
10523,SEVES,7,01/05/1997,29/05/1997,30/05/1997,2,78,Seven Seas Imports,90 Wadhurst Rd.,London,NULL,OX15 4NB,UK
10524,BERGS,1,01/05/1997,29/05/1997,07/05/1997,2,245,Berglunds snabbkp,Berguvsvgen 8,Lule,NULL,S-958 22,Sweden
10525,BONAP,1,02/05/1997,30/05/1997,23/05/1997,2,11,Bon app-,"12, rue des Bouchers",Marseille,NULL,13008,France
10526,WARTH,4,05/05/1997,02/06/1997,15/05/1997,2,59,Wartian Herkku,Torikatu 38,Oulu,NULL,90110,Finland
10527,QUICK,7,05/05/1997,02/06/1997,07/05/1997,1,42,QUICK-Stop,Taucherstrae 10,Cunewalde,NULL,1307,Germany
10528,GREAL,6,06/05/1997,20/05/1997,09/05/1997,2,3,Great Lakes Food Market,2732 Baker Blvd.,Eugene,OR,97403,USA
10529,MAISD,5,07/05/1997,04/06/1997,09/05/1997,2,67,Maison Dewey,Rue Joseph-Bens 532,Bruxelles,NULL,B-1180,Belgium
10530,PICCO,3,08/05/1997,05/06/1997,12/05/1997,2,339,Piccolo und mehr,Geislweg 14,Salzburg,NULL,5020,Austria
10531,OCEAN,7,08/05/1997,05/06/1997,19/05/1997,1,8,Ocano Atlntico Ltda.,Ing. Gustavo Moncada 8585 Piso 20-A,Buenos Aires,NULL,1010,Argentina
10532,EASTC,7,09/05/1997,06/06/1997,12/05/1997,3,74,Eastern Connection,35 King George,London,NULL,WX3 6FW,UK
10533,FOLKO,8,12/05/1997,09/06/1997,22/05/1997,1,188,Folk och f HB,kergatan 24,Brcke,NULL,S-844 67,Sweden
10534,LEHMS,8,12/05/1997,09/06/1997,14/05/1997,2,28,Lehmanns Marktstand,Magazinweg 7,Frankfurt a.M.,NULL,60528,Germany
10535,ANTON,4,13/05/1997,10/06/1997,21/05/1997,1,16,Antonio Moreno Taquera,Mataderos 2312,Mxico D.F.,NULL,5023,Mexico
10536,LEHMS,3,14/05/1997,11/06/1997,06/06/1997,2,59,Lehmanns Marktstand,Magazinweg 7,Frankfurt a.M.,NULL,60528,Germany
10537,RICSU,1,14/05/1997,28/05/1997,19/05/1997,1,79,Richter Supermarkt,Starenweg 5,Genve,NULL,1204,Switzerland
10538,BSBEV,9,15/05/1997,12/06/1997,16/05/1997,3,5,B-s Beverages,Fauntleroy Circus,London,NULL,EC2 5NT,UK
10539,BSBEV,6,16/05/1997,13/06/1997,23/05/1997,3,12,B-s Beverages,Fauntleroy Circus,London,NULL,EC2 5NT,UK
10540,QUICK,3,19/05/1997,16/06/1997,13/06/1997,3,1008,QUICK-Stop,Taucherstrae 10,Cunewalde,NULL,1307,Germany
10541,HANAR,2,19/05/1997,16/06/1997,29/05/1997,1,69,Hanari Carnes,"Rua do Pao, 67",Rio de Janeiro,RJ,05454-876,Brazil
10542,KOENE,1,20/05/1997,17/06/1997,26/05/1997,3,11,Kniglich Essen,Maubelstr. 90,Brandenburg,NULL,14776,Germany
10543,LILAS,8,21/05/1997,18/06/1997,23/05/1997,2,48,LILA-Supermercado,Carrera 52 con Ave. Bolvar #65-98 Llano Largo,Barquisimeto,Lara,3508,Venezuela
10544,LONEP,4,21/05/1997,18/06/1997,30/05/1997,1,25,Lonesome Pine Restaurant,89 Chiaroscuro Rd.,Portland,OR,97219,USA
10545,LAZYK,8,22/05/1997,19/06/1997,26/06/1997,2,12,Lazy K Kountry Store,12 Orchestra Terrace,Walla Walla,WA,99362,USA
10546,VICTE,1,23/05/1997,20/06/1997,27/05/1997,3,195,Victuailles en stock,"2, rue du Commerce",Lyon,NULL,69004,France
10547,SEVES,3,23/05/1997,20/06/1997,02/06/1997,2,178,Seven Seas Imports,90 Wadhurst Rd.,London,NULL,OX15 4NB,UK
10548,TOMSP,3,26/05/1997,23/06/1997,02/06/1997,2,1,Toms Spezialitten,Luisenstr. 48,Mnster,NULL,44087,Germany
10549,QUICK,5,27/05/1997,10/06/1997,30/05/1997,1,171,QUICK-Stop,Taucherstrae 10,Cunewalde,NULL,1307,Germany
10550,GODOS,7,28/05/1997,25/06/1997,06/06/1997,3,4,Godos Cocina Tpica,"C/ Romero, 33",Sevilla,NULL,41101,Spain
10551,FURIB,4,28/05/1997,09/07/1997,06/06/1997,3,73,Furia Bacalhau e Frutos do Mar,Jardim das rosas n. 32,Lisboa,NULL,1675,Portugal
10552,HILAA,2,29/05/1997,26/06/1997,05/06/1997,1,83,HILARION-Abastos,Carrera 22 con Ave. Carlos Soublette #8-35,San Cristbal,Tchira,5022,Venezuela
10553,WARTH,2,30/05/1997,27/06/1997,03/06/1997,2,149,Wartian Herkku,Torikatu 38,Oulu,NULL,90110,Finland
10554,OTTIK,4,30/05/1997,27/06/1997,05/06/1997,3,121,Ottilies Kseladen,Mehrheimerstr. 369,Kln,NULL,50739,Germany
10555,SAVEA,6,02/06/1997,30/06/1997,04/06/1997,3,252,Save-a-lot Markets,187 Suffolk Ln.,Boise,ID,83720,USA
10556,SIMOB,2,03/06/1997,15/07/1997,13/06/1997,1,10,Simons bistro,Vinbltet 34,Kobenhavn,NULL,1734,Denmark
10557,LEHMS,9,03/06/1997,17/06/1997,06/06/1997,2,97,Lehmanns Marktstand,Magazinweg 7,Frankfurt a.M.,NULL,60528,Germany
10558,AROUT,1,04/06/1997,02/07/1997,10/06/1997,2,73,Around the Horn,Brook Farm Stratford St. Mary,Colchester,Essex,CO7 6JX,UK
10559,BLONP,6,05/06/1997,03/07/1997,13/06/1997,1,8,Blondel pre et fils,"24, place Klber",Strasbourg,NULL,67000,France
10560,FRANK,8,06/06/1997,04/07/1997,09/06/1997,1,37,Frankenversand,Berliner Platz 43,Mnchen,NULL,80805,Germany
10561,FOLKO,2,06/06/1997,04/07/1997,09/06/1997,2,242,Folk och f HB,kergatan 24,Brcke,NULL,S-844 67,Sweden
10562,REGGC,1,09/06/1997,07/07/1997,12/06/1997,1,23,Reggiani Caseifici,Strada Provinciale 124,Reggio Emilia,NULL,42100,Italy
10563,RICAR,2,10/06/1997,22/07/1997,24/06/1997,2,60,Ricardo Adocicados,"Av. Copacabana, 267",Rio de Janeiro,RJ,02389-890,Brazil
10564,RATTC,4,10/06/1997,08/07/1997,16/06/1997,3,14,Rattlesnake Canyon Grocery,2817 Milton Dr.,Albuquerque,NM,87110,USA
10565,MEREP,8,11/06/1997,09/07/1997,18/06/1997,2,7,Mre Paillarde,43 rue St. Laurent,Montral,Qubec,H1J 1C3,Canada
10566,BLONP,9,12/06/1997,10/07/1997,18/06/1997,1,88,Blondel pre et fils,"24, place Klber",Strasbourg,NULL,67000,France
10567,HUNGO,1,12/06/1997,10/07/1997,17/06/1997,1,34,Hungry Owl All-Night Grocers,8 Johnstown Road,Cork,Co. Cork,NULL,Ireland
10568,GALED,3,13/06/1997,11/07/1997,09/07/1997,3,7,Galera del gastronmo,"Rambla de Catalua, 23",Barcelona,NULL,8022,Spain
10569,RATTC,5,16/06/1997,14/07/1997,11/07/1997,1,59,Rattlesnake Canyon Grocery,2817 Milton Dr.,Albuquerque,NM,87110,USA
10570,MEREP,3,17/06/1997,15/07/1997,19/06/1997,3,189,Mre Paillarde,43 rue St. Laurent,Montral,Qubec,H1J 1C3,Canada
10571,ERNSH,8,17/06/1997,29/07/1997,04/07/1997,3,26,Ernst Handel,Kirchgasse 6,Graz,NULL,8010,Austria
10572,BERGS,3,18/06/1997,16/07/1997,25/06/1997,2,116,Berglunds snabbkp,Berguvsvgen 8,Lule,NULL,S-958 22,Sweden
10573,ANTON,7,19/06/1997,17/07/1997,20/06/1997,3,85,Antonio Moreno Taquera,Mataderos 2312,Mxico D.F.,NULL,5023,Mexico
10574,TRAIH,4,19/06/1997,17/07/1997,30/06/1997,2,38,Trail-s Head Gourmet Provisioners,722 DaVinci Blvd.,Kirkland,WA,98034,USA
10575,MORGK,5,20/06/1997,04/07/1997,30/06/1997,1,127,Morgenstern Gesundkost,Heerstr. 22,Leipzig,NULL,4179,Germany
10576,TORTU,3,23/06/1997,07/07/1997,30/06/1997,3,19,Tortuga Restaurante,Avda. Azteca 123,Mxico D.F.,NULL,5033,Mexico
10577,TRAIH,9,23/06/1997,04/08/1997,30/06/1997,2,25,Trail-s Head Gourmet Provisioners,722 DaVinci Blvd.,Kirkland,WA,98034,USA
10578,BSBEV,4,24/06/1997,22/07/1997,25/07/1997,3,30,B-s Beverages,Fauntleroy Circus,London,NULL,EC2 5NT,UK
10579,LETSS,1,25/06/1997,23/07/1997,04/07/1997,2,14,Let-s Stop N Shop,87 Polk St. Suite 5,San Francisco,CA,94117,USA
10580,OTTIK,4,26/06/1997,24/07/1997,01/07/1997,3,76,Ottilies Kseladen,Mehrheimerstr. 369,Kln,NULL,50739,Germany
10581,FAMIA,3,26/06/1997,24/07/1997,02/07/1997,1,3,Familia Arquibaldo,"Rua Ors, 92",Sao Paulo,SP,05442-030,Brazil
10582,BLAUS,3,27/06/1997,25/07/1997,14/07/1997,2,28,Blauer See Delikatessen,Forsterstr. 57,Mannheim,NULL,68306,Germany
10583,WARTH,2,30/06/1997,28/07/1997,04/07/1997,2,7,Wartian Herkku,Torikatu 38,Oulu,NULL,90110,Finland
10584,BLONP,4,30/06/1997,28/07/1997,04/07/1997,1,59,Blondel pre et fils,"24, place Klber",Strasbourg,NULL,67000,France
10585,WELLI,7,01/07/1997,29/07/1997,10/07/1997,1,13,Wellington Importadora,"Rua do Mercado, 12",Resende,SP,08737-363,Brazil
10586,REGGC,9,02/07/1997,30/07/1997,09/07/1997,1,0,Reggiani Caseifici,Strada Provinciale 124,Reggio Emilia,NULL,42100,Italy
10587,QUEDE,1,02/07/1997,30/07/1997,09/07/1997,1,63,Que Delcia,"Rua da Panificadora, 12",Rio de Janeiro,RJ,02389-673,Brazil
10588,QUICK,2,03/07/1997,31/07/1997,10/07/1997,3,195,QUICK-Stop,Taucherstrae 10,Cunewalde,NULL,1307,Germany
10589,GREAL,8,04/07/1997,01/08/1997,14/07/1997,2,4,Great Lakes Food Market,2732 Baker Blvd.,Eugene,OR,97403,USA
10590,MEREP,4,07/07/1997,04/08/1997,14/07/1997,3,45,Mre Paillarde,43 rue St. Laurent,Montral,Qubec,H1J 1C3,Canada
10591,VAFFE,1,07/07/1997,21/07/1997,16/07/1997,1,56,Vaffeljernet,Smagsloget 45,rhus,NULL,8200,Denmark
10592,LEHMS,3,08/07/1997,05/08/1997,16/07/1997,1,32,Lehmanns Marktstand,Magazinweg 7,Frankfurt a.M.,NULL,60528,Germany
10593,LEHMS,7,09/07/1997,06/08/1997,13/08/1997,2,174,Lehmanns Marktstand,Magazinweg 7,Frankfurt a.M.,NULL,60528,Germany
10594,OLDWO,3,09/07/1997,06/08/1997,16/07/1997,2,5,Old World Delicatessen,2743 Bering St.,Anchorage,AK,99508,USA
10595,ERNSH,2,10/07/1997,07/08/1997,14/07/1997,1,97,Ernst Handel,Kirchgasse 6,Graz,NULL,8010,Austria
10596,WHITC,8,11/07/1997,08/08/1997,12/08/1997,1,16,White Clover Markets,1029 - 12th Ave. S.,Seattle,WA,98124,USA
10597,PICCO,7,11/07/1997,08/08/1997,18/07/1997,3,35,Piccolo und mehr,Geislweg 14,Salzburg,NULL,5020,Austria
10598,RATTC,1,14/07/1997,11/08/1997,18/07/1997,3,44,Rattlesnake Canyon Grocery,2817 Milton Dr.,Albuquerque,NM,87110,USA
10599,BSBEV,6,15/07/1997,26/08/1997,21/07/1997,3,30,B-s Beverages,Fauntleroy Circus,London,NULL,EC2 5NT,UK
10600,HUNGC,4,16/07/1997,13/08/1997,21/07/1997,1,45,Hungry Coyote Import Store,City Center Plaza 516 Main St.,Elgin,OR,97827,USA
10601,HILAA,7,16/07/1997,27/08/1997,22/07/1997,1,58,HILARION-Abastos,Carrera 22 con Ave. Carlos Soublette #8-35,San Cristbal,Tchira,5022,Venezuela
10602,VAFFE,8,17/07/1997,14/08/1997,22/07/1997,2,3,Vaffeljernet,Smagsloget 45,rhus,NULL,8200,Denmark
10603,SAVEA,8,18/07/1997,15/08/1997,08/08/1997,2,49,Save-a-lot Markets,187 Suffolk Ln.,Boise,ID,83720,USA
10604,FURIB,1,18/07/1997,15/08/1997,29/07/1997,1,7,Furia Bacalhau e Frutos do Mar,Jardim das rosas n. 32,Lisboa,NULL,1675,Portugal
10605,MEREP,1,21/07/1997,18/08/1997,29/07/1997,2,379,Mre Paillarde,43 rue St. Laurent,Montral,Qubec,H1J 1C3,Canada
10606,TRADH,4,22/07/1997,19/08/1997,31/07/1997,3,79,Tradiao Hipermercados,"Av. Ins de Castro, 414",Sao Paulo,SP,05634-030,Brazil
10607,SAVEA,5,22/07/1997,19/08/1997,25/07/1997,1,200,Save-a-lot Markets,187 Suffolk Ln.,Boise,ID,83720,USA
10608,TOMSP,4,23/07/1997,20/08/1997,01/08/1997,2,28,Toms Spezialitten,Luisenstr. 48,Mnster,NULL,44087,Germany
10609,DUMON,7,24/07/1997,21/08/1997,30/07/1997,2,2,Du monde entier,"67, rue des Cinquante Otages",Nantes,NULL,44000,France
10610,LAMAI,8,25/07/1997,22/08/1997,06/08/1997,1,27,La maison d-Asie,1 rue Alsace-Lorraine,Toulouse,NULL,31000,France
10611,WOLZA,6,25/07/1997,22/08/1997,01/08/1997,2,81,Wolski Zajazd,ul. Filtrowa 68,Warszawa,NULL,01-012,Poland
10612,SAVEA,1,28/07/1997,25/08/1997,01/08/1997,2,544,Save-a-lot Markets,187 Suffolk Ln.,Boise,ID,83720,USA
10613,HILAA,4,29/07/1997,26/08/1997,01/08/1997,2,8,HILARION-Abastos,Carrera 22 con Ave. Carlos Soublette #8-35,San Cristbal,Tchira,5022,Venezuela
10614,BLAUS,8,29/07/1997,26/08/1997,01/08/1997,3,2,Blauer See Delikatessen,Forsterstr. 57,Mannheim,NULL,68306,Germany
10615,WILMK,2,30/07/1997,27/08/1997,06/08/1997,3,1,Wilman Kala,Keskuskatu 45,Helsinki,NULL,21240,Finland
10616,GREAL,1,31/07/1997,28/08/1997,05/08/1997,2,117,Great Lakes Food Market,2732 Baker Blvd.,Eugene,OR,97403,USA
10617,GREAL,4,31/07/1997,28/08/1997,04/08/1997,2,19,Great Lakes Food Market,2732 Baker Blvd.,Eugene,OR,97403,USA
10618,MEREP,1,01/08/1997,12/09/1997,08/08/1997,1,155,Mre Paillarde,43 rue St. Laurent,Montral,Qubec,H1J 1C3,Canada
10619,MEREP,3,04/08/1997,01/09/1997,07/08/1997,3,91,Mre Paillarde,43 rue St. Laurent,Montral,Qubec,H1J 1C3,Canada
10620,LAUGB,2,05/08/1997,02/09/1997,14/08/1997,3,1,Laughing Bacchus Wine Cellars,2319 Elm St.,Vancouver,BC,V3F 2K1,Canada
10621,ISLAT,4,05/08/1997,02/09/1997,11/08/1997,2,24,Island Trading,Garden House Crowther Way,Cowes,Isle of Wight,PO31 7PJ,UK
10622,RICAR,4,06/08/1997,03/09/1997,11/08/1997,3,51,Ricardo Adocicados,"Av. Copacabana, 267",Rio de Janeiro,RJ,02389-890,Brazil
10623,FRANK,8,07/08/1997,04/09/1997,12/08/1997,2,97,Frankenversand,Berliner Platz 43,Mnchen,NULL,80805,Germany
10624,THECR,4,07/08/1997,04/09/1997,19/08/1997,2,95,The Cracker Box,55 Grizzly Peak Rd.,Butte,MT,59801,USA
10625,ANATR,3,08/08/1997,05/09/1997,14/08/1997,1,44,Ana Trujillo Emparedados y helados,Avda. de la Constitucin 2222,Mxico D.F.,NULL,5021,Mexico
10626,BERGS,1,11/08/1997,08/09/1997,20/08/1997,2,139,Berglunds snabbkp,Berguvsvgen 8,Lule,NULL,S-958 22,Sweden
10627,SAVEA,8,11/08/1997,22/09/1997,21/08/1997,3,107,Save-a-lot Markets,187 Suffolk Ln.,Boise,ID,83720,USA
10628,BLONP,4,12/08/1997,09/09/1997,20/08/1997,3,30,Blondel pre et fils,"24, place Klber",Strasbourg,NULL,67000,France
10629,GODOS,4,12/08/1997,09/09/1997,20/08/1997,3,85,Godos Cocina Tpica,"C/ Romero, 33",Sevilla,NULL,41101,Spain
10630,KOENE,1,13/08/1997,10/09/1997,19/08/1997,2,32,Kniglich Essen,Maubelstr. 90,Brandenburg,NULL,14776,Germany
10631,LAMAI,8,14/08/1997,11/09/1997,15/08/1997,1,1,La maison d-Asie,1 rue Alsace-Lorraine,Toulouse,NULL,31000,France
10632,WANDK,8,14/08/1997,11/09/1997,19/08/1997,1,41,Die Wandernde Kuh,Adenauerallee 900,Stuttgart,NULL,70563,Germany
10633,ERNSH,7,15/08/1997,12/09/1997,18/08/1997,3,478,Ernst Handel,Kirchgasse 6,Graz,NULL,8010,Austria
10634,FOLIG,4,15/08/1997,12/09/1997,21/08/1997,3,487,Folies gourmandes,"184, chausse de Tournai",Lille,NULL,59000,France
10635,MAGAA,8,18/08/1997,15/09/1997,21/08/1997,3,47,Magazzini Alimentari Riuniti,Via Ludovico il Moro 22,Bergamo,NULL,24100,Italy
10636,WARTH,4,19/08/1997,16/09/1997,26/08/1997,1,1,Wartian Herkku,Torikatu 38,Oulu,NULL,90110,Finland
10637,QUEEN,6,19/08/1997,16/09/1997,26/08/1997,1,201,Queen Cozinha,"Alameda dos Canrios, 891",Sao Paulo,SP,05487-020,Brazil
10638,LINOD,3,20/08/1997,17/09/1997,01/09/1997,1,158,LINO-Delicateses,Ave. 5 de Mayo Porlamar,I. de Margarita,Nueva Esparta,4980,Venezuela
10639,SANTG,7,20/08/1997,17/09/1997,27/08/1997,3,39,Sant Gourmet,Erling Skakkes gate 78,Stavern,NULL,4110,Norway
10640,WANDK,4,21/08/1997,18/09/1997,28/08/1997,1,24,Die Wandernde Kuh,Adenauerallee 900,Stuttgart,NULL,70563,Germany
10641,HILAA,4,22/08/1997,19/09/1997,26/08/1997,2,180,HILARION-Abastos,Carrera 22 con Ave. Carlos Soublette #8-35,San Cristbal,Tchira,5022,Venezuela
10642,SIMOB,7,22/08/1997,19/09/1997,05/09/1997,3,42,Simons bistro,Vinbltet 34,Kobenhavn,NULL,1734,Denmark
10643,ALFKI,6,25/08/1997,22/09/1997,02/09/1997,1,29,Alfreds Futterkiste,Obere Str. 57,Berlin,NULL,12209,Germany
10644,WELLI,3,25/08/1997,22/09/1997,01/09/1997,2,0,Wellington Importadora,"Rua do Mercado, 12",Resende,SP,08737-363,Brazil
10645,HANAR,4,26/08/1997,23/09/1997,02/09/1997,1,12,Hanari Carnes,"Rua do Pao, 67",Rio de Janeiro,RJ,05454-876,Brazil
10646,HUNGO,9,27/08/1997,08/10/1997,03/09/1997,3,142,Hungry Owl All-Night Grocers,8 Johnstown Road,Cork,Co. Cork,NULL,Ireland
10647,QUEDE,4,27/08/1997,10/09/1997,03/09/1997,2,46,Que Delcia,"Rua da Panificadora, 12",Rio de Janeiro,RJ,02389-673,Brazil
10648,RICAR,5,28/08/1997,09/10/1997,09/09/1997,2,14,Ricardo Adocicados,"Av. Copacabana, 267",Rio de Janeiro,RJ,02389-890,Brazil
10649,MAISD,5,28/08/1997,25/09/1997,29/08/1997,3,6,Maison Dewey,Rue Joseph-Bens 532,Bruxelles,NULL,B-1180,Belgium
10650,FAMIA,5,29/08/1997,26/09/1997,03/09/1997,3,177,Familia Arquibaldo,"Rua Ors, 92",Sao Paulo,SP,05442-030,Brazil
10651,WANDK,8,01/09/1997,29/09/1997,11/09/1997,2,21,Die Wandernde Kuh,Adenauerallee 900,Stuttgart,NULL,70563,Germany
10652,GOURL,4,01/09/1997,29/09/1997,08/09/1997,2,7,Gourmet Lanchonetes,"Av. Brasil, 442",Campinas,SP,04876-786,Brazil
10653,FRANK,1,02/09/1997,30/09/1997,19/09/1997,1,93,Frankenversand,Berliner Platz 43,Mnchen,NULL,80805,Germany
10654,BERGS,5,02/09/1997,30/09/1997,11/09/1997,1,55,Berglunds snabbkp,Berguvsvgen 8,Lule,NULL,S-958 22,Sweden
10655,REGGC,1,03/09/1997,01/10/1997,11/09/1997,2,4,Reggiani Caseifici,Strada Provinciale 124,Reggio Emilia,NULL,42100,Italy
10656,GREAL,6,04/09/1997,02/10/1997,10/09/1997,1,57,Great Lakes Food Market,2732 Baker Blvd.,Eugene,OR,97403,USA
10657,SAVEA,2,04/09/1997,02/10/1997,15/09/1997,2,353,Save-a-lot Markets,187 Suffolk Ln.,Boise,ID,83720,USA
10658,QUICK,4,05/09/1997,03/10/1997,08/09/1997,1,364,QUICK-Stop,Taucherstrae 10,Cunewalde,NULL,1307,Germany
10659,QUEEN,7,05/09/1997,03/10/1997,10/09/1997,2,106,Queen Cozinha,"Alameda dos Canrios, 891",Sao Paulo,SP,05487-020,Brazil
10660,HUNGC,8,08/09/1997,06/10/1997,15/10/1997,1,111,Hungry Coyote Import Store,City Center Plaza 516 Main St.,Elgin,OR,97827,USA
10661,HUNGO,7,09/09/1997,07/10/1997,15/09/1997,3,18,Hungry Owl All-Night Grocers,8 Johnstown Road,Cork,Co. Cork,NULL,Ireland
10662,LONEP,3,09/09/1997,07/10/1997,18/09/1997,2,1,Lonesome Pine Restaurant,89 Chiaroscuro Rd.,Portland,OR,97219,USA
10663,BONAP,2,10/09/1997,24/09/1997,03/10/1997,2,113,Bon app-,"12, rue des Bouchers",Marseille,NULL,13008,France
10664,FURIB,1,10/09/1997,08/10/1997,19/09/1997,3,1,Furia Bacalhau e Frutos do Mar,Jardim das rosas n. 32,Lisboa,NULL,1675,Portugal
10665,LONEP,1,11/09/1997,09/10/1997,17/09/1997,2,26,Lonesome Pine Restaurant,89 Chiaroscuro Rd.,Portland,OR,97219,USA
10666,RICSU,7,12/09/1997,10/10/1997,22/09/1997,2,232,Richter Supermarkt,Starenweg 5,Genve,NULL,1204,Switzerland
10667,ERNSH,7,12/09/1997,10/10/1997,19/09/1997,1,78,Ernst Handel,Kirchgasse 6,Graz,NULL,8010,Austria
10668,WANDK,1,15/09/1997,13/10/1997,23/09/1997,2,47,Die Wandernde Kuh,Adenauerallee 900,Stuttgart,NULL,70563,Germany
10669,SIMOB,2,15/09/1997,13/10/1997,22/09/1997,1,24,Simons bistro,Vinbltet 34,Kobenhavn,NULL,1734,Denmark
10670,FRANK,4,16/09/1997,14/10/1997,18/09/1997,1,203,Frankenversand,Berliner Platz 43,Mnchen,NULL,80805,Germany
10671,FRANR,1,17/09/1997,15/10/1997,24/09/1997,1,30,France restauration,"54, rue Royale",Nantes,NULL,44000,France
10672,BERGS,9,17/09/1997,01/10/1997,26/09/1997,2,96,Berglunds snabbkp,Berguvsvgen 8,Lule,NULL,S-958 22,Sweden
10673,WILMK,2,18/09/1997,16/10/1997,19/09/1997,1,23,Wilman Kala,Keskuskatu 45,Helsinki,NULL,21240,Finland
10674,ISLAT,4,18/09/1997,16/10/1997,30/09/1997,2,1,Island Trading,Garden House Crowther Way,Cowes,Isle of Wight,PO31 7PJ,UK
10675,FRANK,5,19/09/1997,17/10/1997,23/09/1997,2,32,Frankenversand,Berliner Platz 43,Mnchen,NULL,80805,Germany
10676,TORTU,2,22/09/1997,20/10/1997,29/09/1997,2,2,Tortuga Restaurante,Avda. Azteca 123,Mxico D.F.,NULL,5033,Mexico
10677,ANTON,1,22/09/1997,20/10/1997,26/09/1997,3,4,Antonio Moreno Taquera,Mataderos 2312,Mxico D.F.,NULL,5023,Mexico
10678,SAVEA,7,23/09/1997,21/10/1997,16/10/1997,3,389,Save-a-lot Markets,187 Suffolk Ln.,Boise,ID,83720,USA
10679,BLONP,8,23/09/1997,21/10/1997,30/09/1997,3,28,Blondel pre et fils,"24, place Klber",Strasbourg,NULL,67000,France
10680,OLDWO,1,24/09/1997,22/10/1997,26/09/1997,1,27,Old World Delicatessen,2743 Bering St.,Anchorage,AK,99508,USA
10681,GREAL,3,25/09/1997,23/10/1997,30/09/1997,3,76,Great Lakes Food Market,2732 Baker Blvd.,Eugene,OR,97403,USA
10682,ANTON,3,25/09/1997,23/10/1997,01/10/1997,2,36,Antonio Moreno Taquera,Mataderos 2312,Mxico D.F.,NULL,5023,Mexico
10683,DUMON,2,26/09/1997,24/10/1997,01/10/1997,1,4,Du monde entier,"67, rue des Cinquante Otages",Nantes,NULL,44000,France
10684,OTTIK,3,26/09/1997,24/10/1997,30/09/1997,1,146,Ottilies Kseladen,Mehrheimerstr. 369,Kln,NULL,50739,Germany
10685,GOURL,4,29/09/1997,13/10/1997,03/10/1997,2,34,Gourmet Lanchonetes,"Av. Brasil, 442",Campinas,SP,04876-786,Brazil
10686,PICCO,2,30/09/1997,28/10/1997,08/10/1997,1,97,Piccolo und mehr,Geislweg 14,Salzburg,NULL,5020,Austria
10687,HUNGO,9,30/09/1997,28/10/1997,30/10/1997,2,296,Hungry Owl All-Night Grocers,8 Johnstown Road,Cork,Co. Cork,NULL,Ireland
10688,VAFFE,4,01/10/1997,15/10/1997,07/10/1997,2,299,Vaffeljernet,Smagsloget 45,rhus,NULL,8200,Denmark
10689,BERGS,1,01/10/1997,29/10/1997,07/10/1997,2,13,Berglunds snabbkp,Berguvsvgen 8,Lule,NULL,S-958 22,Sweden
10690,HANAR,1,02/10/1997,30/10/1997,03/10/1997,1,16,Hanari Carnes,"Rua do Pao, 67",Rio de Janeiro,RJ,05454-876,Brazil
10691,QUICK,2,03/10/1997,14/11/1997,22/10/1997,2,810,QUICK-Stop,Taucherstrae 10,Cunewalde,NULL,1307,Germany
10692,ALFKI,4,03/10/1997,31/10/1997,13/10/1997,2,61,Alfred-s Futterkiste,Obere Str. 57,Berlin,NULL,12209,Germany
10693,WHITC,3,06/10/1997,20/10/1997,10/10/1997,3,139,White Clover Markets,1029 - 12th Ave. S.,Seattle,WA,98124,USA
10694,QUICK,8,06/10/1997,03/11/1997,09/10/1997,3,398,QUICK-Stop,Taucherstrae 10,Cunewalde,NULL,1307,Germany
10695,WILMK,7,07/10/1997,18/11/1997,14/10/1997,1,17,Wilman Kala,Keskuskatu 45,Helsinki,NULL,21240,Finland
10696,WHITC,8,08/10/1997,19/11/1997,14/10/1997,3,103,White Clover Markets,1029 - 12th Ave. S.,Seattle,WA,98124,USA
10697,LINOD,3,08/10/1997,05/11/1997,14/10/1997,1,46,LINO-Delicateses,Ave. 5 de Mayo Porlamar,I. de Margarita,Nueva Esparta,4980,Venezuela
10698,ERNSH,4,09/10/1997,06/11/1997,17/10/1997,1,272,Ernst Handel,Kirchgasse 6,Graz,NULL,8010,Austria
10699,MORGK,3,09/10/1997,06/11/1997,13/10/1997,3,1,Morgenstern Gesundkost,Heerstr. 22,Leipzig,NULL,4179,Germany
10700,SAVEA,3,10/10/1997,07/11/1997,16/10/1997,1,65,Save-a-lot Markets,187 Suffolk Ln.,Boise,ID,83720,USA
10701,HUNGO,6,13/10/1997,27/10/1997,15/10/1997,3,220,Hungry Owl All-Night Grocers,8 Johnstown Road,Cork,Co. Cork,NULL,Ireland
10702,ALFKI,4,13/10/1997,24/11/1997,21/10/1997,1,24,Alfred-s Futterkiste,Obere Str. 57,Berlin,NULL,12209,Germany
10703,FOLKO,6,14/10/1997,11/11/1997,20/10/1997,2,152,Folk och f HB,kergatan 24,Brcke,NULL,S-844 67,Sweden
10704,QUEEN,6,14/10/1997,11/11/1997,07/11/1997,1,5,Queen Cozinha,"Alameda dos Canrios, 891",Sao Paulo,SP,05487-020,Brazil
10705,HILAA,9,15/10/1997,12/11/1997,18/11/1997,2,4,HILARION-Abastos,Carrera 22 con Ave. Carlos Soublette #8-35,San Cristbal,Tchira,5022,Venezuela
10706,OLDWO,8,16/10/1997,13/11/1997,21/10/1997,3,136,Old World Delicatessen,2743 Bering St.,Anchorage,AK,99508,USA
10707,AROUT,4,16/10/1997,30/10/1997,23/10/1997,3,22,Around the Horn,Brook Farm Stratford St. Mary,Colchester,Essex,CO7 6JX,UK
10708,THEBI,6,17/10/1997,28/11/1997,05/11/1997,2,3,The Big Cheese,89 Jefferson Way Suite 2,Portland,OR,97201,USA
10709,GOURL,1,17/10/1997,14/11/1997,20/11/1997,3,211,Gourmet Lanchonetes,"Av. Brasil, 442",Campinas,SP,04876-786,Brazil
10710,FRANS,1,20/10/1997,17/11/1997,23/10/1997,1,5,Franchi S.p.A.,Via Monte Bianco 34,Torino,NULL,10100,Italy
10711,SAVEA,5,21/10/1997,02/12/1997,29/10/1997,2,52,Save-a-lot Markets,187 Suffolk Ln.,Boise,ID,83720,USA
10712,HUNGO,3,21/10/1997,18/11/1997,31/10/1997,1,90,Hungry Owl All-Night Grocers,8 Johnstown Road,Cork,Co. Cork,NULL,Ireland
10713,SAVEA,1,22/10/1997,19/11/1997,24/10/1997,1,167,Save-a-lot Markets,187 Suffolk Ln.,Boise,ID,83720,USA
10714,SAVEA,5,22/10/1997,19/11/1997,27/10/1997,3,24,Save-a-lot Markets,187 Suffolk Ln.,Boise,ID,83720,USA
10715,BONAP,3,23/10/1997,06/11/1997,29/10/1997,1,63,Bon app-,"12, rue des Bouchers",Marseille,NULL,13008,France
10716,RANCH,4,24/10/1997,21/11/1997,27/10/1997,2,23,Rancho grande,Av. del Libertador 900,Buenos Aires,NULL,1010,Argentina
10717,FRANK,1,24/10/1997,21/11/1997,29/10/1997,2,59,Frankenversand,Berliner Platz 43,Mnchen,NULL,80805,Germany
10718,KOENE,1,27/10/1997,24/11/1997,29/10/1997,3,171,Kniglich Essen,Maubelstr. 90,Brandenburg,NULL,14776,Germany
10719,LETSS,8,27/10/1997,24/11/1997,05/11/1997,2,51,Let-s Stop N Shop,87 Polk St. Suite 5,San Francisco,CA,94117,USA
10720,QUEDE,8,28/10/1997,11/11/1997,05/11/1997,2,10,Que Delcia,"Rua da Panificadora, 12",Rio de Janeiro,RJ,02389-673,Brazil
10721,QUICK,5,29/10/1997,26/11/1997,31/10/1997,3,49,QUICK-Stop,Taucherstrae 10,Cunewalde,NULL,1307,Germany
10722,SAVEA,8,29/10/1997,10/12/1997,04/11/1997,1,75,Save-a-lot Markets,187 Suffolk Ln.,Boise,ID,83720,USA
10723,WHITC,3,30/10/1997,27/11/1997,25/11/1997,1,22,White Clover Markets,1029 - 12th Ave. S.,Seattle,WA,98124,USA
10724,MEREP,8,30/10/1997,11/12/1997,05/11/1997,2,58,Mre Paillarde,43 rue St. Laurent,Montral,Qubec,H1J 1C3,Canada
10725,FAMIA,4,31/10/1997,28/11/1997,05/11/1997,3,11,Familia Arquibaldo,"Rua Ors, 92",Sao Paulo,SP,05442-030,Brazil
10726,EASTC,4,03/11/1997,17/11/1997,05/12/1997,1,17,Eastern Connection,35 King George,London,NULL,WX3 6FW,UK
10727,REGGC,2,03/11/1997,01/12/1997,05/12/1997,1,90,Reggiani Caseifici,Strada Provinciale 124,Reggio Emilia,NULL,42100,Italy
10728,QUEEN,4,04/11/1997,02/12/1997,11/11/1997,2,58,Queen Cozinha,"Alameda dos Canrios, 891",Sao Paulo,SP,05487-020,Brazil
10729,LINOD,8,04/11/1997,16/12/1997,14/11/1997,3,141,LINO-Delicateses,Ave. 5 de Mayo Porlamar,I. de Margarita,Nueva Esparta,4980,Venezuela
10730,BONAP,5,05/11/1997,03/12/1997,14/11/1997,1,20,Bon app-,"12, rue des Bouchers",Marseille,NULL,13008,France
10731,CHOPS,7,06/11/1997,04/12/1997,14/11/1997,1,97,Chop-suey Chinese,Hauptstr. 31,Bern,NULL,3012,Switzerland
10732,BONAP,3,06/11/1997,04/12/1997,07/11/1997,1,17,Bon app-,"12, rue des Bouchers",Marseille,NULL,13008,France
10733,BERGS,1,07/11/1997,05/12/1997,10/11/1997,3,110,Berglunds snabbkp,Berguvsvgen 8,Lule,NULL,S-958 22,Sweden
10734,GOURL,2,07/11/1997,05/12/1997,12/11/1997,3,2,Gourmet Lanchonetes,"Av. Brasil, 442",Campinas,SP,04876-786,Brazil
10735,LETSS,6,10/11/1997,08/12/1997,21/11/1997,2,46,Let-s Stop N Shop,87 Polk St. Suite 5,San Francisco,CA,94117,USA
10736,HUNGO,9,11/11/1997,09/12/1997,21/11/1997,2,44,Hungry Owl All-Night Grocers,8 Johnstown Road,Cork,Co. Cork,NULL,Ireland
10737,VINET,2,11/11/1997,09/12/1997,18/11/1997,2,8,Vins et alcools Chevalier,59 rue de l-Abbaye,Reims,NULL,51100,France
10738,SPECD,2,12/11/1997,10/12/1997,18/11/1997,1,3,Spcialits du monde,"25, rue Lauriston",Paris,NULL,75016,France
10739,VINET,3,12/11/1997,10/12/1997,17/11/1997,3,11,Vins et alcools Chevalier,59 rue de l-Abbaye,Reims,NULL,51100,France
10740,WHITC,4,13/11/1997,11/12/1997,25/11/1997,2,82,White Clover Markets,1029 - 12th Ave. S.,Seattle,WA,98124,USA
10741,AROUT,4,14/11/1997,28/11/1997,18/11/1997,3,11,Around the Horn,Brook Farm Stratford St. Mary,Colchester,Essex,CO7 6JX,UK
10742,BOTTM,3,14/11/1997,12/12/1997,18/11/1997,3,244,Bottom-Dollar Markets,23 Tsawassen Blvd.,Tsawassen,BC,T2F 8M4,Canada
10743,AROUT,1,17/11/1997,15/12/1997,21/11/1997,2,24,Around the Horn,Brook Farm Stratford St. Mary,Colchester,Essex,CO7 6JX,UK
10744,VAFFE,6,17/11/1997,15/12/1997,24/11/1997,1,69,Vaffeljernet,Smagsloget 45,rhus,NULL,8200,Denmark
10745,QUICK,9,18/11/1997,16/12/1997,27/11/1997,1,4,QUICK-Stop,Taucherstrae 10,Cunewalde,NULL,1307,Germany
10746,CHOPS,1,19/11/1997,17/12/1997,21/11/1997,3,31,Chop-suey Chinese,Hauptstr. 31,Bern,NULL,3012,Switzerland
10747,PICCO,6,19/11/1997,17/12/1997,26/11/1997,1,117,Piccolo und mehr,Geislweg 14,Salzburg,NULL,5020,Austria
10748,SAVEA,3,20/11/1997,18/12/1997,28/11/1997,1,233,Save-a-lot Markets,187 Suffolk Ln.,Boise,ID,83720,USA
10749,ISLAT,4,20/11/1997,18/12/1997,19/12/1997,2,62,Island Trading,Garden House Crowther Way,Cowes,Isle of Wight,PO31 7PJ,UK
10750,WARTH,9,21/11/1997,19/12/1997,24/11/1997,1,79,Wartian Herkku,Torikatu 38,Oulu,NULL,90110,Finland
10751,RICSU,3,24/11/1997,22/12/1997,03/12/1997,3,131,Richter Supermarkt,Starenweg 5,Genve,NULL,1204,Switzerland
10752,NORTS,2,24/11/1997,22/12/1997,28/11/1997,3,1,North/South,South House 300 Queensbridge,London,NULL,SW7 1RZ,UK
10753,FRANS,3,25/11/1997,23/12/1997,27/11/1997,1,8,Franchi S.p.A.,Via Monte Bianco 34,Torino,NULL,10100,Italy
10754,MAGAA,6,25/11/1997,23/12/1997,27/11/1997,3,2,Magazzini Alimentari Riuniti,Via Ludovico il Moro 22,Bergamo,NULL,24100,Italy
10755,BONAP,4,26/11/1997,24/12/1997,28/11/1997,2,17,Bon app-,"12, rue des Bouchers",Marseille,NULL,13008,France
10756,SPLIR,8,27/11/1997,25/12/1997,02/12/1997,2,73,Split Rail Beer & Ale,P.O. Box 555,Lander,WY,82520,USA
10757,SAVEA,6,27/11/1997,25/12/1997,15/12/1997,1,8,Save-a-lot Markets,187 Suffolk Ln.,Boise,ID,83720,USA
10758,RICSU,3,28/11/1997,26/12/1997,04/12/1997,3,138,Richter Supermarkt,Starenweg 5,Genve,NULL,1204,Switzerland
10759,ANATR,3,28/11/1997,26/12/1997,12/12/1997,3,12,Ana Trujillo Emparedados y helados,Avda. de la Constitucin 2222,Mxico D.F.,NULL,5021,Mexico
10760,MAISD,4,01/12/1997,29/12/1997,10/12/1997,1,156,Maison Dewey,Rue Joseph-Bens 532,Bruxelles,NULL,B-1180,Belgium
10761,RATTC,5,02/12/1997,30/12/1997,08/12/1997,2,19,Rattlesnake Canyon Grocery,2817 Milton Dr.,Albuquerque,NM,87110,USA
10762,FOLKO,3,02/12/1997,30/12/1997,09/12/1997,1,329,Folk och f HB,kergatan 24,Brcke,NULL,S-844 67,Sweden
10763,FOLIG,3,03/12/1997,31/12/1997,08/12/1997,3,37,Folies gourmandes,"184, chausse de Tournai",Lille,NULL,59000,France
10764,ERNSH,6,03/12/1997,31/12/1997,08/12/1997,3,145,Ernst Handel,Kirchgasse 6,Graz,NULL,8010,Austria
10765,QUICK,3,04/12/1997,01/01/1998,09/12/1997,3,43,QUICK-Stop,Taucherstrae 10,Cunewalde,NULL,1307,Germany
10766,OTTIK,4,05/12/1997,02/01/1998,09/12/1997,1,158,Ottilies Kseladen,Mehrheimerstr. 369,Kln,NULL,50739,Germany
10767,SUPRD,4,05/12/1997,02/01/1998,15/12/1997,3,2,Suprmes dlices,"Boulevard Tirou, 255",Charleroi,NULL,B-6000,Belgium
10768,AROUT,3,08/12/1997,05/01/1998,15/12/1997,2,146,Around the Horn,Brook Farm Stratford St. Mary,Colchester,Essex,CO7 6JX,UK
10769,VAFFE,3,08/12/1997,05/01/1998,12/12/1997,1,65,Vaffeljernet,Smagsloget 45,rhus,NULL,8200,Denmark
10770,HANAR,8,09/12/1997,06/01/1998,17/12/1997,3,5,Hanari Carnes,"Rua do Pao, 67",Rio de Janeiro,RJ,05454-876,Brazil
10771,ERNSH,9,10/12/1997,07/01/1998,02/01/1998,2,11,Ernst Handel,Kirchgasse 6,Graz,NULL,8010,Austria
10772,LEHMS,3,10/12/1997,07/01/1998,19/12/1997,2,91,Lehmanns Marktstand,Magazinweg 7,Frankfurt a.M.,NULL,60528,Germany
10773,ERNSH,1,11/12/1997,08/01/1998,16/12/1997,3,96,Ernst Handel,Kirchgasse 6,Graz,NULL,8010,Austria
10774,FOLKO,4,11/12/1997,25/12/1997,12/12/1997,1,48,Folk och f HB,kergatan 24,Brcke,NULL,S-844 67,Sweden
10775,THECR,7,12/12/1997,09/01/1998,26/12/1997,1,20,The Cracker Box,55 Grizzly Peak Rd.,Butte,MT,59801,USA
10776,ERNSH,1,15/12/1997,12/01/1998,18/12/1997,3,352,Ernst Handel,Kirchgasse 6,Graz,NULL,8010,Austria
10777,GOURL,7,15/12/1997,29/12/1997,21/01/1998,2,3,Gourmet Lanchonetes,"Av. Brasil, 442",Campinas,SP,04876-786,Brazil
10778,BERGS,3,16/12/1997,13/01/1998,24/12/1997,1,7,Berglunds snabbkp,Berguvsvgen 8,Lule,NULL,S-958 22,Sweden
10779,MORGK,3,16/12/1997,13/01/1998,14/01/1998,2,58,Morgenstern Gesundkost,Heerstr. 22,Leipzig,NULL,4179,Germany
10780,LILAS,2,16/12/1997,30/12/1997,25/12/1997,1,42,LILA-Supermercado,Carrera 52 con Ave. Bolvar #65-98 Llano Largo,Barquisimeto,Lara,3508,Venezuela
10781,WARTH,2,17/12/1997,14/01/1998,19/12/1997,3,73,Wartian Herkku,Torikatu 38,Oulu,NULL,90110,Finland
10782,CACTU,9,17/12/1997,14/01/1998,22/12/1997,3,1,Cactus Comidas para llevar,Cerrito 333,Buenos Aires,NULL,1010,Argentina
10783,HANAR,4,18/12/1997,15/01/1998,19/12/1997,2,125,Hanari Carnes,"Rua do Pao, 67",Rio de Janeiro,RJ,05454-876,Brazil
10784,MAGAA,4,18/12/1997,15/01/1998,22/12/1997,3,70,Magazzini Alimentari Riuniti,Via Ludovico il Moro 22,Bergamo,NULL,24100,Italy
10785,GROSR,1,18/12/1997,15/01/1998,24/12/1997,3,2,GROSELLA-Restaurante,5 Ave. Los Palos Grandes,Caracas,DF,1081,Venezuela
10786,QUEEN,8,19/12/1997,16/01/1998,23/12/1997,1,111,Queen Cozinha,"Alameda dos Canrios, 891",Sao Paulo,SP,05487-020,Brazil
10787,LAMAI,2,19/12/1997,02/01/1998,26/12/1997,1,250,La maison d-Asie,1 rue Alsace-Lorraine,Toulouse,NULL,31000,France
10788,QUICK,1,22/12/1997,19/01/1998,19/01/1998,2,43,QUICK-Stop,Taucherstrae 10,Cunewalde,NULL,1307,Germany
10789,FOLIG,1,22/12/1997,19/01/1998,31/12/1997,2,101,Folies gourmandes,"184, chausse de Tournai",Lille,NULL,59000,France
10790,GOURL,6,22/12/1997,19/01/1998,26/12/1997,1,28,Gourmet Lanchonetes,"Av. Brasil, 442",Campinas,SP,04876-786,Brazil
10791,FRANK,6,23/12/1997,20/01/1998,01/01/1998,2,17,Frankenversand,Berliner Platz 43,Mnchen,NULL,80805,Germany
10792,WOLZA,1,23/12/1997,20/01/1998,31/12/1997,3,24,Wolski Zajazd,ul. Filtrowa 68,Warszawa,NULL,01-012,Poland
10793,AROUT,3,24/12/1997,21/01/1998,08/01/1998,3,5,Around the Horn,Brook Farm Stratford St. Mary,Colchester,Essex,CO7 6JX,UK
10794,QUEDE,6,24/12/1997,21/01/1998,02/01/1998,1,21,Que Delcia,"Rua da Panificadora, 12",Rio de Janeiro,RJ,02389-673,Brazil
10795,ERNSH,8,24/12/1997,21/01/1998,20/01/1998,2,127,Ernst Handel,Kirchgasse 6,Graz,NULL,8010,Austria
10796,HILAA,3,25/12/1997,22/01/1998,14/01/1998,1,27,HILARION-Abastos,Carrera 22 con Ave. Carlos Soublette #8-35,San Cristbal,Tchira,5022,Venezuela
10797,DRACD,7,25/12/1997,22/01/1998,05/01/1998,2,33,Drachenblut Delikatessen,Walserweg 21,Aachen,NULL,52066,Germany
10798,ISLAT,2,26/12/1997,23/01/1998,05/01/1998,1,2,Island Trading,Garden House Crowther Way,Cowes,Isle of Wight,PO31 7PJ,UK
10799,KOENE,9,26/12/1997,06/02/1998,05/01/1998,3,31,Kniglich Essen,Maubelstr. 90,Brandenburg,NULL,14776,Germany
10800,SEVES,1,26/12/1997,23/01/1998,05/01/1998,3,137,Seven Seas Imports,90 Wadhurst Rd.,London,NULL,OX15 4NB,UK
10801,BOLID,4,29/12/1997,26/01/1998,31/12/1997,2,97,Blido Comidas preparadas,"C/ Araquil, 67",Madrid,NULL,28023,Spain
10802,SIMOB,4,29/12/1997,26/01/1998,02/01/1998,2,257,Simons bistro,Vinbltet 34,Kobenhavn,NULL,1734,Denmark
10803,WELLI,4,30/12/1997,27/01/1998,06/01/1998,1,55,Wellington Importadora,"Rua do Mercado, 12",Resende,SP,08737-363,Brazil
10804,SEVES,6,30/12/1997,27/01/1998,07/01/1998,2,27,Seven Seas Imports,90 Wadhurst Rd.,London,NULL,OX15 4NB,UK
10805,THEBI,2,30/12/1997,27/01/1998,09/01/1998,3,237,The Big Cheese,89 Jefferson Way Suite 2,Portland,OR,97201,USA
10806,VICTE,3,31/12/1997,28/01/1998,05/01/1998,2,22,Victuailles en stock,"2, rue du Commerce",Lyon,NULL,69004,France
10807,FRANS,4,31/12/1997,28/01/1998,30/01/1998,1,1,Franchi S.p.A.,Via Monte Bianco 34,Torino,NULL,10100,Italy
10808,OLDWO,2,01/01/1998,29/01/1998,09/01/1998,3,46,Old World Delicatessen,2743 Bering St.,Anchorage,AK,99508,USA
10809,WELLI,7,01/01/1998,29/01/1998,07/01/1998,1,5,Wellington Importadora,"Rua do Mercado, 12",Resende,SP,08737-363,Brazil
10810,LAUGB,2,01/01/1998,29/01/1998,07/01/1998,3,4,Laughing Bacchus Wine Cellars,2319 Elm St.,Vancouver,BC,V3F 2K1,Canada
10811,LINOD,8,02/01/1998,30/01/1998,08/01/1998,1,31,LINO-Delicateses,Ave. 5 de Mayo Porlamar,I. de Margarita,Nueva Esparta,4980,Venezuela
10812,REGGC,5,02/01/1998,30/01/1998,12/01/1998,1,60,Reggiani Caseifici,Strada Provinciale 124,Reggio Emilia,NULL,42100,Italy
10813,RICAR,1,05/01/1998,02/02/1998,09/01/1998,1,47,Ricardo Adocicados,"Av. Copacabana, 267",Rio de Janeiro,RJ,02389-890,Brazil
10814,VICTE,3,05/01/1998,02/02/1998,14/01/1998,3,131,Victuailles en stock,"2, rue du Commerce",Lyon,NULL,69004,France
10815,SAVEA,2,05/01/1998,02/02/1998,14/01/1998,3,15,Save-a-lot Markets,187 Suffolk Ln.,Boise,ID,83720,USA
10816,GREAL,4,06/01/1998,03/02/1998,04/02/1998,2,720,Great Lakes Food Market,2732 Baker Blvd.,Eugene,OR,97403,USA
10817,KOENE,3,06/01/1998,20/01/1998,13/01/1998,2,306,Kniglich Essen,Maubelstr. 90,Brandenburg,NULL,14776,Germany
10818,MAGAA,7,07/01/1998,04/02/1998,12/01/1998,3,65,Magazzini Alimentari Riuniti,Via Ludovico il Moro 22,Bergamo,NULL,24100,Italy
10819,CACTU,2,07/01/1998,04/02/1998,16/01/1998,3,20,Cactus Comidas para llevar,Cerrito 333,Buenos Aires,NULL,1010,Argentina
10820,RATTC,3,07/01/1998,04/02/1998,13/01/1998,2,38,Rattlesnake Canyon Grocery,2817 Milton Dr.,Albuquerque,NM,87110,USA
10821,SPLIR,1,08/01/1998,05/02/1998,15/01/1998,1,37,Split Rail Beer & Ale,P.O. Box 555,Lander,WY,82520,USA
10822,TRAIH,6,08/01/1998,05/02/1998,16/01/1998,3,7,Trail-s Head Gourmet Provisioners,722 DaVinci Blvd.,Kirkland,WA,98034,USA
10823,LILAS,5,09/01/1998,06/02/1998,13/01/1998,2,164,LILA-Supermercado,Carrera 52 con Ave. Bolvar #65-98 Llano Largo,Barquisimeto,Lara,3508,Venezuela
10824,FOLKO,8,09/01/1998,06/02/1998,30/01/1998,1,1,Folk och f HB,kergatan 24,Brcke,NULL,S-844 67,Sweden
10825,DRACD,1,09/01/1998,06/02/1998,14/01/1998,1,79,Drachenblut Delikatessen,Walserweg 21,Aachen,NULL,52066,Germany
10826,BLONP,6,12/01/1998,09/02/1998,06/02/1998,1,7,Blondel pre et fils,"24, place Klber",Strasbourg,NULL,67000,France
10827,BONAP,1,12/01/1998,26/01/1998,06/02/1998,2,64,Bon app-,"12, rue des Bouchers",Marseille,NULL,13008,France
10828,RANCH,9,13/01/1998,27/01/1998,04/02/1998,1,91,Rancho grande,Av. del Libertador 900,Buenos Aires,NULL,1010,Argentina
10829,ISLAT,9,13/01/1998,10/02/1998,23/01/1998,1,155,Island Trading,Garden House Crowther Way,Cowes,Isle of Wight,PO31 7PJ,UK
10830,TRADH,4,13/01/1998,24/02/1998,21/01/1998,2,82,Tradiao Hipermercados,"Av. Ins de Castro, 414",Sao Paulo,SP,05634-030,Brazil
10831,SANTG,3,14/01/1998,11/02/1998,23/01/1998,2,72,Sant Gourmet,Erling Skakkes gate 78,Stavern,NULL,4110,Norway
10832,LAMAI,2,14/01/1998,11/02/1998,19/01/1998,2,43,La maison d-Asie,1 rue Alsace-Lorraine,Toulouse,NULL,31000,France
10833,OTTIK,6,15/01/1998,12/02/1998,23/01/1998,2,71,Ottilies Kseladen,Mehrheimerstr. 369,Kln,NULL,50739,Germany
10834,TRADH,1,15/01/1998,12/02/1998,19/01/1998,3,30,Tradiao Hipermercados,"Av. Ins de Castro, 414",Sao Paulo,SP,05634-030,Brazil
10835,ALFKI,1,15/01/1998,12/02/1998,21/01/1998,3,70,Alfred-s Futterkiste,Obere Str. 57,Berlin,NULL,12209,Germany
10836,ERNSH,7,16/01/1998,13/02/1998,21/01/1998,1,412,Ernst Handel,Kirchgasse 6,Graz,NULL,8010,Austria
10837,BERGS,9,16/01/1998,13/02/1998,23/01/1998,3,13,Berglunds snabbkp,Berguvsvgen 8,Lule,NULL,S-958 22,Sweden
10838,LINOD,3,19/01/1998,16/02/1998,23/01/1998,3,59,LINO-Delicateses,Ave. 5 de Mayo Porlamar,I. de Margarita,Nueva Esparta,4980,Venezuela
10839,TRADH,3,19/01/1998,16/02/1998,22/01/1998,3,35,Tradiao Hipermercados,"Av. Ins de Castro, 414",Sao Paulo,SP,05634-030,Brazil
10840,LINOD,4,19/01/1998,02/03/1998,16/02/1998,2,3,LINO-Delicateses,Ave. 5 de Mayo Porlamar,I. de Margarita,Nueva Esparta,4980,Venezuela
10841,SUPRD,5,20/01/1998,17/02/1998,29/01/1998,2,424,Suprmes dlices,"Boulevard Tirou, 255",Charleroi,NULL,B-6000,Belgium
10842,TORTU,1,20/01/1998,17/02/1998,29/01/1998,3,54,Tortuga Restaurante,Avda. Azteca 123,Mxico D.F.,NULL,5033,Mexico
10843,VICTE,4,21/01/1998,18/02/1998,26/01/1998,2,9,Victuailles en stock,"2, rue du Commerce",Lyon,NULL,69004,France
10844,PICCO,8,21/01/1998,18/02/1998,26/01/1998,2,25,Piccolo und mehr,Geislweg 14,Salzburg,NULL,5020,Austria
10845,QUICK,8,21/01/1998,04/02/1998,30/01/1998,1,213,QUICK-Stop,Taucherstrae 10,Cunewalde,NULL,1307,Germany
10846,SUPRD,2,22/01/1998,05/03/1998,23/01/1998,3,56,Suprmes dlices,"Boulevard Tirou, 255",Charleroi,NULL,B-6000,Belgium
10847,SAVEA,4,22/01/1998,05/02/1998,10/02/1998,3,488,Save-a-lot Markets,187 Suffolk Ln.,Boise,ID,83720,USA
10848,CONSH,7,23/01/1998,20/02/1998,29/01/1998,2,38,Consolidated Holdings,Berkeley Gardens 12 Brewery,London,NULL,WX1 6LT,UK
10849,KOENE,9,23/01/1998,20/02/1998,30/01/1998,2,1,Kniglich Essen,Maubelstr. 90,Brandenburg,NULL,14776,Germany
10850,VICTE,1,23/01/1998,06/03/1998,30/01/1998,1,49,Victuailles en stock,"2, rue du Commerce",Lyon,NULL,69004,France
10851,RICAR,5,26/01/1998,23/02/1998,02/02/1998,1,161,Ricardo Adocicados,"Av. Copacabana, 267",Rio de Janeiro,RJ,02389-890,Brazil
10852,RATTC,8,26/01/1998,09/02/1998,30/01/1998,1,174,Rattlesnake Canyon Grocery,2817 Milton Dr.,Albuquerque,NM,87110,USA
10853,BLAUS,9,27/01/1998,24/02/1998,03/02/1998,2,54,Blauer See Delikatessen,Forsterstr. 57,Mannheim,NULL,68306,Germany
10854,ERNSH,3,27/01/1998,24/02/1998,05/02/1998,2,100,Ernst Handel,Kirchgasse 6,Graz,NULL,8010,Austria
10855,OLDWO,3,27/01/1998,24/02/1998,04/02/1998,1,171,Old World Delicatessen,2743 Bering St.,Anchorage,AK,99508,USA
10856,ANTON,3,28/01/1998,25/02/1998,10/02/1998,2,58,Antonio Moreno Taquera,Mataderos 2312,Mxico D.F.,NULL,5023,Mexico
10857,BERGS,8,28/01/1998,25/02/1998,06/02/1998,2,189,Berglunds snabbkp,Berguvsvgen 8,Lule,NULL,S-958 22,Sweden
10858,LACOR,2,29/01/1998,26/02/1998,03/02/1998,1,53,La corne d-abondance,"67, avenue de l-Europe",Versailles,NULL,78000,France
10859,FRANK,1,29/01/1998,26/02/1998,02/02/1998,2,76,Frankenversand,Berliner Platz 43,Mnchen,NULL,80805,Germany
10860,FRANR,3,29/01/1998,26/02/1998,04/02/1998,3,19,France restauration,"54, rue Royale",Nantes,NULL,44000,France
10861,WHITC,4,30/01/1998,27/02/1998,17/02/1998,2,15,White Clover Markets,1029 - 12th Ave. S.,Seattle,WA,98124,USA
10862,LEHMS,8,30/01/1998,13/03/1998,02/02/1998,2,53,Lehmanns Marktstand,Magazinweg 7,Frankfurt a.M.,NULL,60528,Germany
10863,HILAA,4,02/02/1998,02/03/1998,17/02/1998,2,30,HILARION-Abastos,Carrera 22 con Ave. Carlos Soublette #8-35,San Cristbal,Tchira,5022,Venezuela
10864,AROUT,4,02/02/1998,02/03/1998,09/02/1998,2,3,Around the Horn,Brook Farm Stratford St. Mary,Colchester,Essex,CO7 6JX,UK
10865,QUICK,2,02/02/1998,16/02/1998,12/02/1998,1,348,QUICK-Stop,Taucherstrae 10,Cunewalde,NULL,1307,Germany
10866,BERGS,5,03/02/1998,03/03/1998,12/02/1998,1,109,Berglunds snabbkp,Berguvsvgen 8,Lule,NULL,S-958 22,Sweden
10867,LONEP,6,03/02/1998,17/03/1998,11/02/1998,1,2,Lonesome Pine Restaurant,89 Chiaroscuro Rd.,Portland,OR,97219,USA
10868,QUEEN,7,04/02/1998,04/03/1998,23/02/1998,2,191,Queen Cozinha,"Alameda dos Canrios, 891",Sao Paulo,SP,05487-020,Brazil
10869,SEVES,5,04/02/1998,04/03/1998,09/02/1998,1,143,Seven Seas Imports,90 Wadhurst Rd.,London,NULL,OX15 4NB,UK
10870,WOLZA,5,04/02/1998,04/03/1998,13/02/1998,3,12,Wolski Zajazd,ul. Filtrowa 68,Warszawa,NULL,01-012,Poland
10871,BONAP,9,05/02/1998,05/03/1998,10/02/1998,2,112,Bon app-,"12, rue des Bouchers",Marseille,NULL,13008,France
10872,GODOS,5,05/02/1998,05/03/1998,09/02/1998,2,175,Godos Cocina Tpica,"C/ Romero, 33",Sevilla,NULL,41101,Spain
10873,WILMK,4,06/02/1998,06/03/1998,09/02/1998,1,1,Wilman Kala,Keskuskatu 45,Helsinki,NULL,21240,Finland
10874,GODOS,5,06/02/1998,06/03/1998,11/02/1998,2,20,Godos Cocina Tpica,"C/ Romero, 33",Sevilla,NULL,41101,Spain
10875,BERGS,4,06/02/1998,06/03/1998,03/03/1998,2,32,Berglunds snabbkp,Berguvsvgen 8,Lule,NULL,S-958 22,Sweden
10876,BONAP,7,09/02/1998,09/03/1998,12/02/1998,3,60,Bon app-,"12, rue des Bouchers",Marseille,NULL,13008,France
10877,RICAR,1,09/02/1998,09/03/1998,19/02/1998,1,38,Ricardo Adocicados,"Av. Copacabana, 267",Rio de Janeiro,RJ,02389-890,Brazil
10878,QUICK,4,10/02/1998,10/03/1998,12/02/1998,1,47,QUICK-Stop,Taucherstrae 10,Cunewalde,NULL,1307,Germany
10879,WILMK,3,10/02/1998,10/03/1998,12/02/1998,3,9,Wilman Kala,Keskuskatu 45,Helsinki,NULL,21240,Finland
10880,FOLKO,7,10/02/1998,24/03/1998,18/02/1998,1,88,Folk och f HB,kergatan 24,Brcke,NULL,S-844 67,Sweden
10881,CACTU,4,11/02/1998,11/03/1998,18/02/1998,1,3,Cactus Comidas para llevar,Cerrito 333,Buenos Aires,NULL,1010,Argentina
10882,SAVEA,4,11/02/1998,11/03/1998,20/02/1998,3,23,Save-a-lot Markets,187 Suffolk Ln.,Boise,ID,83720,USA
10883,LONEP,8,12/02/1998,12/03/1998,20/02/1998,3,1,Lonesome Pine Restaurant,89 Chiaroscuro Rd.,Portland,OR,97219,USA
10884,LETSS,4,12/02/1998,12/03/1998,13/02/1998,2,91,Let-s Stop N Shop,87 Polk St. Suite 5,San Francisco,CA,94117,USA
10885,SUPRD,6,12/02/1998,12/03/1998,18/02/1998,3,6,Suprmes dlices,"Boulevard Tirou, 255",Charleroi,NULL,B-6000,Belgium
10886,HANAR,1,13/02/1998,13/03/1998,02/03/1998,1,5,Hanari Carnes,"Rua do Pao, 67",Rio de Janeiro,RJ,05454-876,Brazil
10887,GALED,8,13/02/1998,13/03/1998,16/02/1998,3,1,Galera del gastronmo,"Rambla de Catalua, 23",Barcelona,NULL,8022,Spain
10888,GODOS,1,16/02/1998,16/03/1998,23/02/1998,2,52,Godos Cocina Tpica,"C/ Romero, 33",Sevilla,NULL,41101,Spain
10889,RATTC,9,16/02/1998,16/03/1998,23/02/1998,3,281,Rattlesnake Canyon Grocery,2817 Milton Dr.,Albuquerque,NM,87110,USA
10890,DUMON,7,16/02/1998,16/03/1998,18/02/1998,1,33,Du monde entier,"67, rue des Cinquante Otages",Nantes,NULL,44000,France
10891,LEHMS,7,17/02/1998,17/03/1998,19/02/1998,2,20,Lehmanns Marktstand,Magazinweg 7,Frankfurt a.M.,NULL,60528,Germany
10892,MAISD,4,17/02/1998,17/03/1998,19/02/1998,2,120,Maison Dewey,Rue Joseph-Bens 532,Bruxelles,NULL,B-1180,Belgium
10893,KOENE,9,18/02/1998,18/03/1998,20/02/1998,2,78,Kniglich Essen,Maubelstr. 90,Brandenburg,NULL,14776,Germany
10894,SAVEA,1,18/02/1998,18/03/1998,20/02/1998,1,116,Save-a-lot Markets,187 Suffolk Ln.,Boise,ID,83720,USA
10895,ERNSH,3,18/02/1998,18/03/1998,23/02/1998,1,163,Ernst Handel,Kirchgasse 6,Graz,NULL,8010,Austria
10896,MAISD,7,19/02/1998,19/03/1998,27/02/1998,3,32,Maison Dewey,Rue Joseph-Bens 532,Bruxelles,NULL,B-1180,Belgium
10897,HUNGO,3,19/02/1998,19/03/1998,25/02/1998,2,604,Hungry Owl All-Night Grocers,8 Johnstown Road,Cork,Co. Cork,NULL,Ireland
10898,OCEAN,4,20/02/1998,20/03/1998,06/03/1998,2,1,Ocano Atlntico Ltda.,Ing. Gustavo Moncada 8585 Piso 20-A,Buenos Aires,NULL,1010,Argentina
10899,LILAS,5,20/02/1998,20/03/1998,26/02/1998,3,1,LILA-Supermercado,Carrera 52 con Ave. Bolvar #65-98 Llano Largo,Barquisimeto,Lara,3508,Venezuela
10900,WELLI,1,20/02/1998,20/03/1998,04/03/1998,2,2,Wellington Importadora,"Rua do Mercado, 12",Resende,SP,08737-363,Brazil
10901,HILAA,4,23/02/1998,23/03/1998,26/02/1998,1,62,HILARION-Abastos,Carrera 22 con Ave. Carlos Soublette #8-35,San Cristbal,Tchira,5022,Venezuela
10902,FOLKO,1,23/02/1998,23/03/1998,03/03/1998,1,44,Folk och f HB,kergatan 24,Brcke,NULL,S-844 67,Sweden
10903,HANAR,3,24/02/1998,24/03/1998,04/03/1998,3,37,Hanari Carnes,"Rua do Pao, 67",Rio de Janeiro,RJ,05454-876,Brazil
10904,WHITC,3,24/02/1998,24/03/1998,27/02/1998,3,163,White Clover Markets,1029 - 12th Ave. S.,Seattle,WA,98124,USA
10905,WELLI,9,24/02/1998,24/03/1998,06/03/1998,2,14,Wellington Importadora,"Rua do Mercado, 12",Resende,SP,08737-363,Brazil
10906,WOLZA,4,25/02/1998,11/03/1998,03/03/1998,3,26,Wolski Zajazd,ul. Filtrowa 68,Warszawa,NULL,01-012,Poland
10907,SPECD,6,25/02/1998,25/03/1998,27/02/1998,3,9,Spcialits du monde,"25, rue Lauriston",Paris,NULL,75016,France
10908,REGGC,4,26/02/1998,26/03/1998,06/03/1998,2,33,Reggiani Caseifici,Strada Provinciale 124,Reggio Emilia,NULL,42100,Italy
10909,SANTG,1,26/02/1998,26/03/1998,10/03/1998,2,53,Sant Gourmet,Erling Skakkes gate 78,Stavern,NULL,4110,Norway
10910,WILMK,1,26/02/1998,26/03/1998,04/03/1998,3,38,Wilman Kala,Keskuskatu 45,Helsinki,NULL,21240,Finland
10911,GODOS,3,26/02/1998,26/03/1998,05/03/1998,1,38,Godos Cocina Tpica,"C/ Romero, 33",Sevilla,NULL,41101,Spain
10912,HUNGO,2,26/02/1998,26/03/1998,18/03/1998,2,581,Hungry Owl All-Night Grocers,8 Johnstown Road,Cork,Co. Cork,NULL,Ireland
10913,QUEEN,4,26/02/1998,26/03/1998,04/03/1998,1,33,Queen Cozinha,"Alameda dos Canrios, 891",Sao Paulo,SP,05487-020,Brazil
10914,QUEEN,6,27/02/1998,27/03/1998,02/03/1998,1,21,Queen Cozinha,"Alameda dos Canrios, 891",Sao Paulo,SP,05487-020,Brazil
10915,TORTU,2,27/02/1998,27/03/1998,02/03/1998,2,4,Tortuga Restaurante,Avda. Azteca 123,Mxico D.F.,NULL,5033,Mexico
10916,RANCH,1,27/02/1998,27/03/1998,09/03/1998,2,64,Rancho grande,Av. del Libertador 900,Buenos Aires,NULL,1010,Argentina
10917,ROMEY,4,02/03/1998,30/03/1998,11/03/1998,2,8,Romero y tomillo,"Gran Va, 1",Madrid,NULL,28001,Spain
10918,BOTTM,3,02/03/1998,30/03/1998,11/03/1998,3,49,Bottom-Dollar Markets,23 Tsawassen Blvd.,Tsawassen,BC,T2F 8M4,Canada
10919,LINOD,2,02/03/1998,30/03/1998,04/03/1998,2,20,LINO-Delicateses,Ave. 5 de Mayo Porlamar,I. de Margarita,Nueva Esparta,4980,Venezuela
10920,AROUT,4,03/03/1998,31/03/1998,09/03/1998,2,30,Around the Horn,Brook Farm Stratford St. Mary,Colchester,Essex,CO7 6JX,UK
10921,VAFFE,1,03/03/1998,14/04/1998,09/03/1998,1,176,Vaffeljernet,Smagsloget 45,rhus,NULL,8200,Denmark
10922,HANAR,5,03/03/1998,31/03/1998,05/03/1998,3,63,Hanari Carnes,"Rua do Pao, 67",Rio de Janeiro,RJ,05454-876,Brazil
10923,LAMAI,7,03/03/1998,14/04/1998,13/03/1998,3,68,La maison d-Asie,1 rue Alsace-Lorraine,Toulouse,NULL,31000,France
10924,BERGS,3,04/03/1998,01/04/1998,08/04/1998,2,152,Berglunds snabbkp,Berguvsvgen 8,Lule,NULL,S-958 22,Sweden
10925,HANAR,3,04/03/1998,01/04/1998,13/03/1998,1,2,Hanari Carnes,"Rua do Pao, 67",Rio de Janeiro,RJ,05454-876,Brazil
10926,ANATR,4,04/03/1998,01/04/1998,11/03/1998,3,40,Ana Trujillo Emparedados y helados,Avda. de la Constitucin 2222,Mxico D.F.,NULL,5021,Mexico
10927,LACOR,4,05/03/1998,02/04/1998,08/04/1998,1,20,La corne d-abondance,"67, avenue de l-Europe",Versailles,NULL,78000,France
10928,GALED,1,05/03/1998,02/04/1998,18/03/1998,1,1,Galera del gastronmo,"Rambla de Catalua, 23",Barcelona,NULL,8022,Spain
10929,FRANK,6,05/03/1998,02/04/1998,12/03/1998,1,34,Frankenversand,Berliner Platz 43,Mnchen,NULL,80805,Germany
10930,SUPRD,4,06/03/1998,17/04/1998,18/03/1998,3,16,Suprmes dlices,"Boulevard Tirou, 255",Charleroi,NULL,B-6000,Belgium
10931,RICSU,4,06/03/1998,20/03/1998,19/03/1998,2,14,Richter Supermarkt,Starenweg 5,Genve,NULL,1204,Switzerland
10932,BONAP,8,06/03/1998,03/04/1998,24/03/1998,1,135,Bon app-,"12, rue des Bouchers",Marseille,NULL,13008,France
10933,ISLAT,6,06/03/1998,03/04/1998,16/03/1998,3,54,Island Trading,Garden House Crowther Way,Cowes,Isle of Wight,PO31 7PJ,UK
10934,LEHMS,3,09/03/1998,06/04/1998,12/03/1998,3,32,Lehmanns Marktstand,Magazinweg 7,Frankfurt a.M.,NULL,60528,Germany
10935,WELLI,4,09/03/1998,06/04/1998,18/03/1998,3,48,Wellington Importadora,"Rua do Mercado, 12",Resende,SP,08737-363,Brazil
10936,GREAL,3,09/03/1998,06/04/1998,18/03/1998,2,34,Great Lakes Food Market,2732 Baker Blvd.,Eugene,OR,97403,USA
10937,CACTU,7,10/03/1998,24/03/1998,13/03/1998,3,32,Cactus Comidas para llevar,Cerrito 333,Buenos Aires,NULL,1010,Argentina
10938,QUICK,3,10/03/1998,07/04/1998,16/03/1998,2,32,QUICK-Stop,Taucherstrae 10,Cunewalde,NULL,1307,Germany
10939,MAGAA,2,10/03/1998,07/04/1998,13/03/1998,2,76,Magazzini Alimentari Riuniti,Via Ludovico il Moro 22,Bergamo,NULL,24100,Italy
10940,BONAP,8,11/03/1998,08/04/1998,23/03/1998,3,20,Bon app-,"12, rue des Bouchers",Marseille,NULL,13008,France
10941,SAVEA,7,11/03/1998,08/04/1998,20/03/1998,2,401,Save-a-lot Markets,187 Suffolk Ln.,Boise,ID,83720,USA
10942,REGGC,9,11/03/1998,08/04/1998,18/03/1998,3,18,Reggiani Caseifici,Strada Provinciale 124,Reggio Emilia,NULL,42100,Italy
10943,BSBEV,4,11/03/1998,08/04/1998,19/03/1998,2,2,B-s Beverages,Fauntleroy Circus,London,NULL,EC2 5NT,UK
10944,BOTTM,6,12/03/1998,26/03/1998,13/03/1998,3,53,Bottom-Dollar Markets,23 Tsawassen Blvd.,Tsawassen,BC,T2F 8M4,Canada
10945,MORGK,4,12/03/1998,09/04/1998,18/03/1998,1,10,Morgenstern Gesundkost,Heerstr. 22,Leipzig,NULL,4179,Germany
10946,VAFFE,1,12/03/1998,09/04/1998,19/03/1998,2,27,Vaffeljernet,Smagsloget 45,rhus,NULL,8200,Denmark
10947,BSBEV,3,13/03/1998,10/04/1998,16/03/1998,2,3,B-s Beverages,Fauntleroy Circus,London,NULL,EC2 5NT,UK
10948,GODOS,3,13/03/1998,10/04/1998,19/03/1998,3,23,Godos Cocina Tpica,"C/ Romero, 33",Sevilla,NULL,41101,Spain
10949,BOTTM,2,13/03/1998,10/04/1998,17/03/1998,3,74,Bottom-Dollar Markets,23 Tsawassen Blvd.,Tsawassen,BC,T2F 8M4,Canada
10950,MAGAA,1,16/03/1998,13/04/1998,23/03/1998,2,3,Magazzini Alimentari Riuniti,Via Ludovico il Moro 22,Bergamo,NULL,24100,Italy
10951,RICSU,9,16/03/1998,27/04/1998,07/04/1998,2,31,Richter Supermarkt,Starenweg 5,Genve,NULL,1204,Switzerland
10952,ALFKI,1,16/03/1998,27/04/1998,24/03/1998,1,40,Alfred-s Futterkiste,Obere Str. 57,Berlin,NULL,12209,Germany
10953,AROUT,9,16/03/1998,30/03/1998,25/03/1998,2,24,Around the Horn,Brook Farm Stratford St. Mary,Colchester,Essex,CO7 6JX,UK
10954,LINOD,5,17/03/1998,28/04/1998,20/03/1998,1,28,LINO-Delicateses,Ave. 5 de Mayo Porlamar,I. de Margarita,Nueva Esparta,4980,Venezuela
10955,FOLKO,8,17/03/1998,14/04/1998,20/03/1998,2,3,Folk och f HB,kergatan 24,Brcke,NULL,S-844 67,Sweden
10956,BLAUS,6,17/03/1998,28/04/1998,20/03/1998,2,45,Blauer See Delikatessen,Forsterstr. 57,Mannheim,NULL,68306,Germany
10957,HILAA,8,18/03/1998,15/04/1998,27/03/1998,3,105,HILARION-Abastos,Carrera 22 con Ave. Carlos Soublette #8-35,San Cristbal,Tchira,5022,Venezuela
10958,OCEAN,7,18/03/1998,15/04/1998,27/03/1998,2,50,Ocano Atlntico Ltda.,Ing. Gustavo Moncada 8585 Piso 20-A,Buenos Aires,NULL,1010,Argentina
10959,GOURL,6,18/03/1998,29/04/1998,23/03/1998,2,5,Gourmet Lanchonetes,"Av. Brasil, 442",Campinas,SP,04876-786,Brazil
10960,HILAA,3,19/03/1998,02/04/1998,08/04/1998,1,2,HILARION-Abastos,Carrera 22 con Ave. Carlos Soublette #8-35,San Cristbal,Tchira,5022,Venezuela
10961,QUEEN,8,19/03/1998,16/04/1998,30/03/1998,1,104,Queen Cozinha,"Alameda dos Canrios, 891",Sao Paulo,SP,05487-020,Brazil
10962,QUICK,8,19/03/1998,16/04/1998,23/03/1998,2,276,QUICK-Stop,Taucherstrae 10,Cunewalde,NULL,1307,Germany
10963,FURIB,9,19/03/1998,16/04/1998,26/03/1998,3,3,Furia Bacalhau e Frutos do Mar,Jardim das rosas n. 32,Lisboa,NULL,1675,Portugal
10964,SPECD,3,20/03/1998,17/04/1998,24/03/1998,2,87,Spcialits du monde,"25, rue Lauriston",Paris,NULL,75016,France
10965,OLDWO,6,20/03/1998,17/04/1998,30/03/1998,3,144,Old World Delicatessen,2743 Bering St.,Anchorage,AK,99508,USA
10966,CHOPS,4,20/03/1998,17/04/1998,08/04/1998,1,27,Chop-suey Chinese,Hauptstr. 31,Bern,NULL,3012,Switzerland
10967,TOMSP,2,23/03/1998,20/04/1998,02/04/1998,2,62,Toms Spezialitten,Luisenstr. 48,Mnster,NULL,44087,Germany
10968,ERNSH,1,23/03/1998,20/04/1998,01/04/1998,3,75,Ernst Handel,Kirchgasse 6,Graz,NULL,8010,Austria
10969,COMMI,1,23/03/1998,20/04/1998,30/03/1998,2,0,Comrcio Mineiro,"Av. dos Lusadas, 23",Sao Paulo,SP,05432-043,Brazil
10970,BOLID,9,24/03/1998,07/04/1998,24/04/1998,1,16,Blido Comidas preparadas,"C/ Araquil, 67",Madrid,NULL,28023,Spain
10971,FRANR,2,24/03/1998,21/04/1998,02/04/1998,2,122,France restauration,"54, rue Royale",Nantes,NULL,44000,France
10972,LACOR,4,24/03/1998,21/04/1998,26/03/1998,2,0,La corne d-abondance,"67, avenue de l-Europe",Versailles,NULL,78000,France
10973,LACOR,6,24/03/1998,21/04/1998,27/03/1998,2,15,La corne d-abondance,"67, avenue de l-Europe",Versailles,NULL,78000,France
10974,SPLIR,3,25/03/1998,08/04/1998,03/04/1998,3,13,Split Rail Beer & Ale,P.O. Box 555,Lander,WY,82520,USA
10975,BOTTM,1,25/03/1998,22/04/1998,27/03/1998,3,32,Bottom-Dollar Markets,23 Tsawassen Blvd.,Tsawassen,BC,T2F 8M4,Canada
10976,HILAA,1,25/03/1998,06/05/1998,03/04/1998,1,38,HILARION-Abastos,Carrera 22 con Ave. Carlos Soublette #8-35,San Cristbal,Tchira,5022,Venezuela
10977,FOLKO,8,26/03/1998,23/04/1998,10/04/1998,3,209,Folk och f HB,kergatan 24,Brcke,NULL,S-844 67,Sweden
10978,MAISD,9,26/03/1998,23/04/1998,23/04/1998,2,33,Maison Dewey,Rue Joseph-Bens 532,Bruxelles,NULL,B-1180,Belgium
10979,ERNSH,8,26/03/1998,23/04/1998,31/03/1998,2,353,Ernst Handel,Kirchgasse 6,Graz,NULL,8010,Austria
10980,FOLKO,4,27/03/1998,08/05/1998,17/04/1998,1,1,Folk och f HB,kergatan 24,Brcke,NULL,S-844 67,Sweden
10981,HANAR,1,27/03/1998,24/04/1998,02/04/1998,2,193,Hanari Carnes,"Rua do Pao, 67",Rio de Janeiro,RJ,05454-876,Brazil
10982,BOTTM,2,27/03/1998,24/04/1998,08/04/1998,1,14,Bottom-Dollar Markets,23 Tsawassen Blvd.,Tsawassen,BC,T2F 8M4,Canada
10983,SAVEA,2,27/03/1998,24/04/1998,06/04/1998,2,658,Save-a-lot Markets,187 Suffolk Ln.,Boise,ID,83720,USA
10984,SAVEA,1,30/03/1998,27/04/1998,03/04/1998,3,211,Save-a-lot Markets,187 Suffolk Ln.,Boise,ID,83720,USA
10985,HUNGO,2,30/03/1998,27/04/1998,02/04/1998,1,92,Hungry Owl All-Night Grocers,8 Johnstown Road,Cork,Co. Cork,NULL,Ireland
10986,OCEAN,8,30/03/1998,27/04/1998,21/04/1998,2,218,Ocano Atlntico Ltda.,Ing. Gustavo Moncada 8585 Piso 20-A,Buenos Aires,NULL,1010,Argentina
10987,EASTC,8,31/03/1998,28/04/1998,06/04/1998,1,185,Eastern Connection,35 King George,London,NULL,WX3 6FW,UK
10988,RATTC,3,31/03/1998,28/04/1998,10/04/1998,2,61,Rattlesnake Canyon Grocery,2817 Milton Dr.,Albuquerque,NM,87110,USA
10989,QUEDE,2,31/03/1998,28/04/1998,02/04/1998,1,35,Que Delcia,"Rua da Panificadora, 12",Rio de Janeiro,RJ,02389-673,Brazil
10990,ERNSH,2,01/04/1998,13/05/1998,07/04/1998,3,118,Ernst Handel,Kirchgasse 6,Graz,NULL,8010,Austria
10991,QUICK,1,01/04/1998,29/04/1998,07/04/1998,1,39,QUICK-Stop,Taucherstrae 10,Cunewalde,NULL,1307,Germany
10992,THEBI,1,01/04/1998,29/04/1998,03/04/1998,3,4,The Big Cheese,89 Jefferson Way Suite 2,Portland,OR,97201,USA
10993,FOLKO,7,01/04/1998,29/04/1998,10/04/1998,3,9,Folk och f HB,kergatan 24,Brcke,NULL,S-844 67,Sweden
10994,VAFFE,2,02/04/1998,16/04/1998,09/04/1998,3,66,Vaffeljernet,Smagsloget 45,rhus,NULL,8200,Denmark
10995,PERIC,1,02/04/1998,30/04/1998,06/04/1998,3,46,Pericles Comidas clsicas,Calle Dr. Jorge Cash 321,Mxico D.F.,NULL,5033,Mexico
10996,QUICK,4,02/04/1998,30/04/1998,10/04/1998,2,1,QUICK-Stop,Taucherstrae 10,Cunewalde,NULL,1307,Germany
10997,LILAS,8,03/04/1998,15/05/1998,13/04/1998,2,74,LILA-Supermercado,Carrera 52 con Ave. Bolvar #65-98 Llano Largo,Barquisimeto,Lara,3508,Venezuela
10998,WOLZA,8,03/04/1998,17/04/1998,17/04/1998,2,20,Wolski Zajazd,ul. Filtrowa 68,Warszawa,NULL,01-012,Poland
10999,OTTIK,6,03/04/1998,01/05/1998,10/04/1998,2,96,Ottilies Kseladen,Mehrheimerstr. 369,Kln,NULL,50739,Germany
11000,RATTC,2,06/04/1998,04/05/1998,14/04/1998,3,55,Rattlesnake Canyon Grocery,2817 Milton Dr.,Albuquerque,NM,87110,USA
11001,FOLKO,2,06/04/1998,04/05/1998,14/04/1998,2,197,Folk och f HB,kergatan 24,Brcke,NULL,S-844 67,Sweden
11002,SAVEA,4,06/04/1998,04/05/1998,16/04/1998,1,141,Save-a-lot Markets,187 Suffolk Ln.,Boise,ID,83720,USA
11003,THECR,3,06/04/1998,04/05/1998,08/04/1998,3,15,The Cracker Box,55 Grizzly Peak Rd.,Butte,MT,59801,USA
11004,MAISD,3,07/04/1998,05/05/1998,20/04/1998,1,45,Maison Dewey,Rue Joseph-Bens 532,Bruxelles,NULL,B-1180,Belgium
11005,WILMK,2,07/04/1998,05/05/1998,10/04/1998,1,1,Wilman Kala,Keskuskatu 45,Helsinki,NULL,21240,Finland
11006,GREAL,3,07/04/1998,05/05/1998,15/04/1998,2,25,Great Lakes Food Market,2732 Baker Blvd.,Eugene,OR,97403,USA
11007,PRINI,8,08/04/1998,06/05/1998,13/04/1998,2,202,Princesa Isabel Vinhos,Estrada da sade n. 58,Lisboa,NULL,1756,Portugal
11008,ERNSH,7,08/04/1998,06/05/1998,NULL,3,79,Ernst Handel,Kirchgasse 6,Graz,NULL,8010,Austria
11009,GODOS,2,08/04/1998,06/05/1998,10/04/1998,1,59,Godos Cocina Tpica,"C/ Romero, 33",Sevilla,NULL,41101,Spain
11010,REGGC,2,09/04/1998,07/05/1998,21/04/1998,2,29,Reggiani Caseifici,Strada Provinciale 124,Reggio Emilia,NULL,42100,Italy
11011,ALFKI,3,09/04/1998,07/05/1998,13/04/1998,1,1,Alfred-s Futterkiste,Obere Str. 57,Berlin,NULL,12209,Germany
11012,FRANK,1,09/04/1998,23/04/1998,17/04/1998,3,243,Frankenversand,Berliner Platz 43,Mnchen,NULL,80805,Germany
11013,ROMEY,2,09/04/1998,07/05/1998,10/04/1998,1,33,Romero y tomillo,"Gran Va, 1",Madrid,NULL,28001,Spain
11014,LINOD,2,10/04/1998,08/05/1998,15/04/1998,3,24,LINO-Delicateses,Ave. 5 de Mayo Porlamar,I. de Margarita,Nueva Esparta,4980,Venezuela
11015,SANTG,2,10/04/1998,24/04/1998,20/04/1998,2,5,Sant Gourmet,Erling Skakkes gate 78,Stavern,NULL,4110,Norway
11016,AROUT,9,10/04/1998,08/05/1998,13/04/1998,2,34,Around the Horn,Brook Farm Stratford St. Mary,Colchester,Essex,CO7 6JX,UK
11017,ERNSH,9,13/04/1998,11/05/1998,20/04/1998,2,754,Ernst Handel,Kirchgasse 6,Graz,NULL,8010,Austria
11018,LONEP,4,13/04/1998,11/05/1998,16/04/1998,2,12,Lonesome Pine Restaurant,89 Chiaroscuro Rd.,Portland,OR,97219,USA
11019,RANCH,6,13/04/1998,11/05/1998,NULL,3,3,Rancho grande,Av. del Libertador 900,Buenos Aires,NULL,1010,Argentina
11020,OTTIK,2,14/04/1998,12/05/1998,16/04/1998,2,43,Ottilies Kseladen,Mehrheimerstr. 369,Kln,NULL,50739,Germany
11021,QUICK,3,14/04/1998,12/05/1998,21/04/1998,1,297,QUICK-Stop,Taucherstrae 10,Cunewalde,NULL,1307,Germany
11022,HANAR,9,14/04/1998,12/05/1998,04/05/1998,2,6,Hanari Carnes,"Rua do Pao, 67",Rio de Janeiro,RJ,05454-876,Brazil
11023,BSBEV,1,14/04/1998,28/04/1998,24/04/1998,2,124,B-s Beverages,Fauntleroy Circus,London,NULL,EC2 5NT,UK
11024,EASTC,4,15/04/1998,13/05/1998,20/04/1998,1,74,Eastern Connection,35 King George,London,NULL,WX3 6FW,UK
11025,WARTH,6,15/04/1998,13/05/1998,24/04/1998,3,29,Wartian Herkku,Torikatu 38,Oulu,NULL,90110,Finland
11026,FRANS,4,15/04/1998,13/05/1998,28/04/1998,1,47,Franchi S.p.A.,Via Monte Bianco 34,Torino,NULL,10100,Italy
11027,BOTTM,1,16/04/1998,14/05/1998,20/04/1998,1,53,Bottom-Dollar Markets,23 Tsawassen Blvd.,Tsawassen,BC,T2F 8M4,Canada
11028,KOENE,2,16/04/1998,14/05/1998,22/04/1998,1,30,Kniglich Essen,Maubelstr. 90,Brandenburg,NULL,14776,Germany
11029,CHOPS,4,16/04/1998,14/05/1998,27/04/1998,1,48,Chop-suey Chinese,Hauptstr. 31,Bern,NULL,3012,Switzerland
11030,SAVEA,7,17/04/1998,15/05/1998,27/04/1998,2,831,Save-a-lot Markets,187 Suffolk Ln.,Boise,ID,83720,USA
11031,SAVEA,6,17/04/1998,15/05/1998,24/04/1998,2,227,Save-a-lot Markets,187 Suffolk Ln.,Boise,ID,83720,USA
11032,WHITC,2,17/04/1998,15/05/1998,23/04/1998,3,606,White Clover Markets,1029 - 12th Ave. S.,Seattle,WA,98124,USA
11033,RICSU,7,17/04/1998,15/05/1998,23/04/1998,3,85,Richter Supermarkt,Starenweg 5,Genve,NULL,1204,Switzerland
11034,OLDWO,8,20/04/1998,01/06/1998,27/04/1998,1,40,Old World Delicatessen,2743 Bering St.,Anchorage,AK,99508,USA
11035,SUPRD,2,20/04/1998,18/05/1998,24/04/1998,2,0,Suprmes dlices,"Boulevard Tirou, 255",Charleroi,NULL,B-6000,Belgium
11036,DRACD,8,20/04/1998,18/05/1998,22/04/1998,3,149,Drachenblut Delikatessen,Walserweg 21,Aachen,NULL,52066,Germany
11037,GODOS,7,21/04/1998,19/05/1998,27/04/1998,1,3,Godos Cocina Tpica,"C/ Romero, 33",Sevilla,NULL,41101,Spain
11038,SUPRD,1,21/04/1998,19/05/1998,30/04/1998,2,30,Suprmes dlices,"Boulevard Tirou, 255",Charleroi,NULL,B-6000,Belgium
11039,LINOD,1,21/04/1998,19/05/1998,NULL,2,65,LINO-Delicateses,Ave. 5 de Mayo Porlamar,I. de Margarita,Nueva Esparta,4980,Venezuela
11040,GREAL,4,22/04/1998,20/05/1998,NULL,3,19,Great Lakes Food Market,2732 Baker Blvd.,Eugene,OR,97403,USA
11041,CHOPS,3,22/04/1998,20/05/1998,28/04/1998,2,48,Chop-suey Chinese,Hauptstr. 31,Bern,NULL,3012,Switzerland
11042,COMMI,2,22/04/1998,06/05/1998,01/05/1998,1,30,Comrcio Mineiro,"Av. dos Lusadas, 23",Sao Paulo,SP,05432-043,Brazil
11043,SPECD,5,22/04/1998,20/05/1998,29/04/1998,2,9,Spcialits du monde,"25, rue Lauriston",Paris,NULL,75016,France
11044,WOLZA,4,23/04/1998,21/05/1998,01/05/1998,1,9,Wolski Zajazd,ul. Filtrowa 68,Warszawa,NULL,01-012,Poland
11045,BOTTM,6,23/04/1998,21/05/1998,NULL,2,71,Bottom-Dollar Markets,23 Tsawassen Blvd.,Tsawassen,BC,T2F 8M4,Canada
11046,WANDK,8,23/04/1998,21/05/1998,24/04/1998,2,72,Die Wandernde Kuh,Adenauerallee 900,Stuttgart,NULL,70563,Germany
11047,EASTC,7,24/04/1998,22/05/1998,01/05/1998,3,47,Eastern Connection,35 King George,London,NULL,WX3 6FW,UK
11048,BOTTM,7,24/04/1998,22/05/1998,30/04/1998,3,24,Bottom-Dollar Markets,23 Tsawassen Blvd.,Tsawassen,BC,T2F 8M4,Canada
11049,GOURL,3,24/04/1998,22/05/1998,04/05/1998,1,8,Gourmet Lanchonetes,"Av. Brasil, 442",Campinas,SP,04876-786,Brazil
11050,FOLKO,8,27/04/1998,25/05/1998,05/05/1998,2,59,Folk och f HB,kergatan 24,Brcke,NULL,S-844 67,Sweden
11051,LAMAI,7,27/04/1998,25/05/1998,NULL,3,3,La maison d-Asie,1 rue Alsace-Lorraine,Toulouse,NULL,31000,France
11052,HANAR,3,27/04/1998,25/05/1998,01/05/1998,1,67,Hanari Carnes,"Rua do Pao, 67",Rio de Janeiro,RJ,05454-876,Brazil
11053,PICCO,2,27/04/1998,25/05/1998,29/04/1998,2,53,Piccolo und mehr,Geislweg 14,Salzburg,NULL,5020,Austria
11054,CACTU,8,28/04/1998,26/05/1998,NULL,1,0,Cactus Comidas para llevar,Cerrito 333,Buenos Aires,NULL,1010,Argentina
11055,HILAA,7,28/04/1998,26/05/1998,05/05/1998,2,121,HILARION-Abastos,Carrera 22 con Ave. Carlos Soublette #8-35,San Cristbal,Tchira,5022,Venezuela
11056,EASTC,8,28/04/1998,12/05/1998,01/05/1998,2,279,Eastern Connection,35 King George,London,NULL,WX3 6FW,UK
11057,NORTS,3,29/04/1998,27/05/1998,01/05/1998,3,4,North/South,South House 300 Queensbridge,London,NULL,SW7 1RZ,UK
11058,BLAUS,9,29/04/1998,27/05/1998,NULL,3,31,Blauer See Delikatessen,Forsterstr. 57,Mannheim,NULL,68306,Germany
11059,RICAR,2,29/04/1998,10/06/1998,NULL,2,86,Ricardo Adocicados,"Av. Copacabana, 267",Rio de Janeiro,RJ,02389-890,Brazil
11060,FRANS,2,30/04/1998,28/05/1998,04/05/1998,2,11,Franchi S.p.A.,Via Monte Bianco 34,Torino,NULL,10100,Italy
11061,GREAL,4,30/04/1998,11/06/1998,NULL,3,14,Great Lakes Food Market,2732 Baker Blvd.,Eugene,OR,97403,USA
11062,REGGC,4,30/04/1998,28/05/1998,NULL,2,30,Reggiani Caseifici,Strada Provinciale 124,Reggio Emilia,NULL,42100,Italy
11063,HUNGO,3,30/04/1998,28/05/1998,06/05/1998,2,82,Hungry Owl All-Night Grocers,8 Johnstown Road,Cork,Co. Cork,NULL,Ireland
11064,SAVEA,1,01/05/1998,29/05/1998,04/05/1998,1,30,Save-a-lot Markets,187 Suffolk Ln.,Boise,ID,83720,USA
11065,LILAS,8,01/05/1998,29/05/1998,NULL,1,13,LILA-Supermercado,Carrera 52 con Ave. Bolvar #65-98 Llano Largo,Barquisimeto,Lara,3508,Venezuela
11066,WHITC,7,01/05/1998,29/05/1998,04/05/1998,2,45,White Clover Markets,1029 - 12th Ave. S.,Seattle,WA,98124,USA
11067,DRACD,1,04/05/1998,18/05/1998,06/05/1998,2,8,Drachenblut Delikatessen,Walserweg 21,Aachen,NULL,52066,Germany
11068,QUEEN,8,04/05/1998,01/06/1998,NULL,2,82,Queen Cozinha,"Alameda dos Canrios, 891",Sao Paulo,SP,05487-020,Brazil
11069,TORTU,1,04/05/1998,01/06/1998,06/05/1998,2,16,Tortuga Restaurante,Avda. Azteca 123,Mxico D.F.,NULL,5033,Mexico
11070,LEHMS,2,05/05/1998,02/06/1998,NULL,1,136,Lehmanns Marktstand,Magazinweg 7,Frankfurt a.M.,NULL,60528,Germany
11071,LILAS,1,05/05/1998,02/06/1998,NULL,1,1,LILA-Supermercado,Carrera 52 con Ave. Bolvar #65-98 Llano Largo,Barquisimeto,Lara,3508,Venezuela
11072,ERNSH,4,05/05/1998,02/06/1998,NULL,2,259,Ernst Handel,Kirchgasse 6,Graz,NULL,8010,Austria
11073,PERIC,2,05/05/1998,02/06/1998,NULL,2,25,Pericles Comidas clsicas,Calle Dr. Jorge Cash 321,Mxico D.F.,NULL,5033,Mexico
11074,SIMOB,7,06/05/1998,03/06/1998,NULL,2,18,Simons bistro,Vinbltet 34,Kobenhavn,NULL,1734,Denmark
11075,RICSU,8,06/05/1998,03/06/1998,NULL,2,6,Richter Supermarkt,Starenweg 5,Genve,NULL,1204,Switzerland
11076,BONAP,4,06/05/1998,03/06/1998,NULL,2,38,Bon app-,"12, rue des Bouchers",Marseille,NULL,13008,France
11077,RATTC,1,06/05/1998,03/06/1998,NULL,2,9,Rattlesnake Canyon Grocery,2817 Milton Dr.,Albuquerque,NM,87110,USA
